V1Mint,CoreAsset,Aurorian,MintedAtUTC,MintedBy,MinterType,CandyMachine,HoursBeforePublicSale,V1OwnerNow,CoreOwnerNow,CoreOwnerType,CoreStatus,Note
7PuB1jc4rpT1FNvwbpp7sMuYs6GAVNfZinBf7JsP4f8X,9cmWuKLUCUg56PaSENnrJ5QP6sDuY1DkHt1nLE5VNMGD,27,2021-08-30 06:00,CduMjFZLBeg3A9wMP3hQCoU1RQzzCpgSvQNXfCi1GCSB,external,main,33.0,6erKQrjX85WFqyMmHK1WW6ss6gm8rAY4DX4SfjFbdv4y,6erKQrjX85WFqyMmHK1WW6ss6gm8rAY4DX4SfjFbdv4y,holder,syncspace,Minted by an outside wallet 33.0h before public sale; NOT a team premint. Core has since left team custody.
J4Y2dtEQaaRjwxgfq9jgnBqwZGLgSAuJr9epVfkSWDYc,DUM6SkQJT69sszK7Zh5cngpL5g8HsCP8i9m1nA4p9znJ,221,2021-08-30 06:06,44kiGWWsSgdqPMvmqYgTS78Mx2BKCWzduATkfY4biU97,external,main,32.9,jShGdWowkmMQDQbfaYhNT85YV9PZ4NJEioJcgH87DPF,jShGdWowkmMQDQbfaYhNT85YV9PZ4NJEioJcgH87DPF,holder,free,Minted by an outside wallet 32.9h before public sale; NOT a team premint. Core has since left team custody.
A1Zg7j25zvjZCEdXCUxxrrF9Epzt6iHaqjs8QKEQHtYb,33AmMhHn6jLVW1U1xtfKD2y4CmDNFD2FjGK4q5tVUyp1,234,2021-08-30 16:55,aury7LJUae7a92PBo35vVbP61GX8VbyxFKausvUtBrt,team-treasury,main,22.1,Cmj53MLXCbusTm2ahv7mPFm6UcfZqPMQrhw1ihdGtQWg,Cmj53MLXCbusTm2ahv7mPFm6UcfZqPMQrhw1ihdGtQWg,holder,free,Team-treasury premint 22.1h before public sale via main candy machine. Core has since left team custody.
CJFpxu54MYoAm7BeQ4WA9xCVqYctKjPzff7vw5F2oqDv,4hb1xqjVnwvbGhiFGQ5HyhgkhUqv5ZrUbwQyhmx9Wfur,308,2021-08-31 04:00,44kiGWWsSgdqPMvmqYgTS78Mx2BKCWzduATkfY4biU97,external,main,11.0,j5mc9g7wByMs3ShaVXMfkvA6mPK3wQoHLMqR7XVRVcX,De6xFAFpLRmrwfBRFZGNsKQ9bSrmeENShx3Qm9YhikVX,holder,syncspace,Minted by an outside wallet 11.0h before public sale; NOT a team premint. Core has since left team custody.
3HbuU6gtAbfGaMZHYvctNvSZspUBTYJ6aDLQivSGsHwb,BKeCeeQg2pePv9kY2MCKMh6HnGDo5oQ2AiRntZLUFvfJ,252,2021-08-31 04:00,CduMjFZLBeg3A9wMP3hQCoU1RQzzCpgSvQNXfCi1GCSB,external,main,11.0,aury7LJUae7a92PBo35vVbP61GX8VbyxFKausvUtBrt,aury7LJUae7a92PBo35vVbP61GX8VbyxFKausvUtBrt,team-treasury,free,Minted by an outside wallet 11.0h before public sale; NOT a team premint. Core still in a team wallet (team-treasury).
8BAucwPrgU3ohkzteVyoqesJPk88n6wGDLbNF8XS9Egd,G4kLpWjAtu5LN9QvgCeKSCNaWUuahHFbCLkHTPuYSBN2,416,2021-08-31 04:01,44kiGWWsSgdqPMvmqYgTS78Mx2BKCWzduATkfY4biU97,external,main,11.0,CLJBHLmDz5NNUmRS6LhMTLk99MWKoiBarnTSiVE2SiBt,CLJBHLmDz5NNUmRS6LhMTLk99MWKoiBarnTSiVE2SiBt,holder,free,Minted by an outside wallet 11.0h before public sale; NOT a team premint. Core has since left team custody.
DY5PWoJV4XSNJFKU2xRad3hChDC5pjvqQptfgntXcR8g,2UHGzeoGcz1R9khFxeusuzrpX4h1htHspuuhqunnaHnc,5899,2021-08-31 04:01,CduMjFZLBeg3A9wMP3hQCoU1RQzzCpgSvQNXfCi1GCSB,external,main,11.0,AhMqoTaPbK6FdZkvvSBLhZNYMmRXxDfQPZYitraSqQHL,AhMqoTaPbK6FdZkvvSBLhZNYMmRXxDfQPZYitraSqQHL,holder,syncspace,Minted by an outside wallet 11.0h before public sale; NOT a team premint. Core has since left team custody.
9GMBN8vJDi8TAnLaAaxi9RA4mNDmEDw9zXJtFoNfpEaR,5Jj1fo6Q7VrfChk8vHH3qt5HHoBSyDAjmrY6im7q1Xhc,4932,2021-08-31 04:09,CduMjFZLBeg3A9wMP3hQCoU1RQzzCpgSvQNXfCi1GCSB,external,main,10.8,aury7LJUae7a92PBo35vVbP61GX8VbyxFKausvUtBrt,aury7LJUae7a92PBo35vVbP61GX8VbyxFKausvUtBrt,team-treasury,free,Minted by an outside wallet 10.8h before public sale; NOT a team premint. Core still in a team wallet (team-treasury).
Hz6fiaV3VcjAgd8jLc3wSLByhYFccxpsxtrwJXofjA3a,ETxcTtVJt966tAhUr2YxJid7oVQzkgcrkjpBpwHzYZ1W,1331,2021-08-31 05:30,aury7LJUae7a92PBo35vVbP61GX8VbyxFKausvUtBrt,team-treasury,private,9.5,FrU9RKioxZ6YoF1r1NV2drBQkzAfZGNhy13TpASo6yA3,5wceam6f3i2PNykKQkomeord2dhxsmyTEaEFxVLVaegM,holder,syncspace,Team-treasury premint 9.5h before public sale via private candy machine. Core has since left team custody.
4xhvVzmQufVHBDjp4c5hDrBhAeXLmmqiPdQjEvQW3D61,5Ep15CWDRRwDFA4hdK2RX8K7beZMhUa71uPAn3r34sMf,3742,2021-08-31 05:32,aury7LJUae7a92PBo35vVbP61GX8VbyxFKausvUtBrt,team-treasury,private,9.5,2jcmG2MqUw3vB1MaY6j5kis97P5HDf43GM95uJqWKoB4,2jcmG2MqUw3vB1MaY6j5kis97P5HDf43GM95uJqWKoB4,holder,syncspace,Team-treasury premint 9.5h before public sale via private candy machine. Core has since left team custody.
6bmnLrCNaDEWVfRUHjSG5sNYQ4LeysneJPPe74hXfhP4,B9hzqTJpvgSxekSbPo73WmTm3eHSUdSBVWHq9n679Ga3,5167,2021-08-31 05:33,aury7LJUae7a92PBo35vVbP61GX8VbyxFKausvUtBrt,team-treasury,private,9.4,5GRijRJV1itqEBSZcc8wRQ6yXZts1XsR8T8urasqAQHj,9ejxjyf1iSgJf7JujEGJmJGUoEjwKe3PQ5tVJZoQPY1g,holder,free,Team-treasury premint 9.4h before public sale via private candy machine. Core has since left team custody.
7FFgxSFy5FX769xCu8bkQ1pahRgY6pQVu6QzWEq6XeHo,FZwSayrWtWXynqt7wsn5JeBmacwhNDfvkWCcY5esoQWG,5815,2021-08-31 05:33,aury7LJUae7a92PBo35vVbP61GX8VbyxFKausvUtBrt,team-treasury,private,9.4,DmzfKBtr7qxUELJYyA5VvnpsU6brpKUXJUrVah3vXt9C,7LqCUWLNQBc1MaCKXF2mFetZfM35fDQhyBqMYhKTTEME,holder,syncspace,Team-treasury premint 9.4h before public sale via private candy machine. Core has since left team custody.
9L2H6WYaUQGnu8oGxGfDzo22XVeUbA7kuKU46CLWGL1g,38C3iTsvVSb3mRZR11fxNTQJoXsHEriTMMAYboAKXaZr,7544,2021-08-31 05:34,aury7LJUae7a92PBo35vVbP61GX8VbyxFKausvUtBrt,team-treasury,private,9.4,paurUkH96miLCY531mvt3Kmna7W9aD7x2zUijRHhEcG,CASHaa4PzBAYiy9K1qszEHp4a2KSmNmCWboEYNXVatTr,holder,free,Team-treasury premint 9.4h before public sale via private candy machine. Core has since left team custody. v1 never retired (collection still verified).
GGKMRcs5dFJTnreK1663CSWybYRuABmapb5M2ndavASJ,Hcu7QBY2LVmTYN4VvmQ71a3tTCW8swfVhwu1997Yj6Yy,7632,2021-08-31 05:34,aury7LJUae7a92PBo35vVbP61GX8VbyxFKausvUtBrt,team-treasury,private,9.4,FBayq5hrtPerZFdiZ7ZNXrgoDEDunM8oAbyX9r1pMMp3,FBayq5hrtPerZFdiZ7ZNXrgoDEDunM8oAbyX9r1pMMp3,holder,syncspace,Team-treasury premint 9.4h before public sale via private candy machine. Core has since left team custody.
DFfDLpqoVwBc8zmaDy7ySv28ekkXycXPscjYtRKXFc5b,F8pey4u63z3SPHVzxrqSUaJSZB2buhS3UVrQjpEBVLUR,6514,2021-08-31 06:36,7M6QyMUidX5DscWRyjrSxbk8dXbe52X3JbYsFiMaY72c,external,main,8.4,aury7LJUae7a92PBo35vVbP61GX8VbyxFKausvUtBrt,aury7LJUae7a92PBo35vVbP61GX8VbyxFKausvUtBrt,team-treasury,free,Minted by an outside wallet 8.4h before public sale; NOT a team premint. Core still in a team wallet (team-treasury).
DuZzQevois3BDZuBsJJQ7LgLNuBrykktwXxepoPf6Y6h,7RNYRRUuVpFyHQzZYjYugG84YzBYcegxAMyjQiub9Bpd,6283,2021-08-31 13:19,aury7LJUae7a92PBo35vVbP61GX8VbyxFKausvUtBrt,team-treasury,main,1.7,52FtovDYDowztXUhD2sWCnCpL6RpRGqEAq7kzrbj7u1B,BpPVP8dBphx5LPncK3Kb3RTHcHjYRWenxPjJ1MSTfmvx,holder,syncspace,Team-treasury premint 1.7h before public sale via main candy machine. Core has since left team custody.
HSvQuEwiiquNb8EZUPUNZvwuwTuTVeDfM37D8AA7sRyW,B1MCTQgHrvpx2ZvWEE63ZAYH4W2MqXjRyBKXXeYAJQTJ,7683,2021-08-31 13:22,aury7LJUae7a92PBo35vVbP61GX8VbyxFKausvUtBrt,team-treasury,main,1.6,aury7LJUae7a92PBo35vVbP61GX8VbyxFKausvUtBrt,aury7LJUae7a92PBo35vVbP61GX8VbyxFKausvUtBrt,team-treasury,free,Team-treasury premint 1.6h before public sale via main candy machine. Core still in a team wallet (team-treasury).
FH5Bo1aLe9jYnNYgVZ2fj1cznmiMHrZDfG66r63SAqMW,7uLNA6CpLDHkmzPPym2AxrnbCvEqwAPRN53r8zVrUaHL,5923,2021-08-31 13:22,aury7LJUae7a92PBo35vVbP61GX8VbyxFKausvUtBrt,team-treasury,main,1.6,BmkoWuHYFjWAKjdwfL5cMXqQ2NsBXsZEnM3Bu7rSYs8k,S1q3Z6w4i3UDGZn2ZEK2h7zVKHtSU2sLqDPqc58jA8p,holder,free,Team-treasury premint 1.6h before public sale via main candy machine. Core has since left team custody.
GaPDiSqGv8EdQMDNBcPZGprgTYZzTmR76K49dfg3JC6C,DvnkeKTRtrqotDwrJ6HiYoqQ19g4u21ZPdVTwwSLowKY,5669,2021-08-31 13:23,aury7LJUae7a92PBo35vVbP61GX8VbyxFKausvUtBrt,team-treasury,main,1.6,Be4wbVSGPSscVkp6LnyR4Un5fCD5CoptWHb2USzyhojo,RPcgNB4iAzEQHcuEGzzo1hCegEpqhj3GNqJmVY22EYf,holder,syncspace,Team-treasury premint 1.6h before public sale via main candy machine. Core has since left team custody.
7EyaEZ2yucgDWhkrVgaYMan2HoJvgEsFKCiF4jUXFaoe,4fiJB6ZWcAELF25TY4x9LVbu6zL2hP9vfEdjibAgyhfq,6146,2021-08-31 13:23,aury7LJUae7a92PBo35vVbP61GX8VbyxFKausvUtBrt,team-treasury,main,1.6,aury7LJUae7a92PBo35vVbP61GX8VbyxFKausvUtBrt,6BmnZ6VG8WX2QXzBasVEXqgXPutzxvwvHpUMg21Cpz5h,holder,syncspace,Team-treasury premint 1.6h before public sale via main candy machine. Core has since left team custody.
8zLEHwNTmxhRcAztx69vcZw6NGbXRvhjDDv1LW4TheBx,7sCpM5BRnFkGdLLEvkQpcj4sa13eeAQ7BJdTsX7kdxPx,7418,2021-08-31 13:24,aury7LJUae7a92PBo35vVbP61GX8VbyxFKausvUtBrt,team-treasury,main,1.6,CqA42zXaf5zXk7EW7jtCLfL2uH1efuB9GtTfjfJ2hzoq,CqA42zXaf5zXk7EW7jtCLfL2uH1efuB9GtTfjfJ2hzoq,holder,free,Team-treasury premint 1.6h before public sale via main candy machine. Core has since left team custody.
6nnNuvyQDUooYBqurnW77j9bRbkv3RZVuSF4Zv4ncwBN,6EuxsGuasngBzFvFpGNkuC3HCup56ucBzfkoMoM5d9r4,4322,2021-08-31 13:24,aury7LJUae7a92PBo35vVbP61GX8VbyxFKausvUtBrt,team-treasury,main,1.6,DmHhENyvzcjwtwQoR9uZc8QCSwXgk9tUqixDFD3pvGPB,DmHhENyvzcjwtwQoR9uZc8QCSwXgk9tUqixDFD3pvGPB,holder,free,Team-treasury premint 1.6h before public sale via main candy machine. Core has since left team custody.
779X62P2rHcbUhhcFcp6xsvQN1ZeKG3FGrGTiXNdtpTu,dKPFo3DTFs5sMCLCMZi3vitqwWLaF2jaAKU7CjTAoVh,2096,2021-08-31 13:24,aury7LJUae7a92PBo35vVbP61GX8VbyxFKausvUtBrt,team-treasury,main,1.6,2YGYkdEMQYgAyfiDnPbtVmgcuUnEzSLeG5HrXLAPfs16,5k15YfLg5TmTeVUAuxpQgK4r3Dzuu9ce6RwmKUdtDXYH,holder,syncspace,Team-treasury premint 1.6h before public sale via main candy machine. Core has since left team custody.
GyUF3aFR4SYBZwHz2N6fWDD4Vg1Si8kPPruHvzbC9pks,3Vfgjm93QyT3GGtZyPDfeE8qtc97WaM8ui4VbKZmw4P6,6260,2021-08-31 13:25,aury7LJUae7a92PBo35vVbP61GX8VbyxFKausvUtBrt,team-treasury,main,1.6,7Andq7R651RgkuF1hGXhNMgWFimUNjGu2dFSd65THhKg,88gNHWScPbq75QunYtRi84YqvKwJZ1cjmqrF7chp8VXo,holder,syncspace,Team-treasury premint 1.6h before public sale via main candy machine. Core has since left team custody.
4vvdC2VKAPN5uZNjyDsjfQrSCPCw4xadA2LmyJZCi6RJ,7GNs5ASYHUtVzegz4MhTcGqbZhe5UX6J8Un2rPQoK1mw,9310,2021-08-31 13:25,aury7LJUae7a92PBo35vVbP61GX8VbyxFKausvUtBrt,team-treasury,main,1.6,4U4fVr7f3be5UWE4TCq1qzibspgLorXCfE3dhvxCoRJU,5ALm63hG9ktT51AzeVj18PdMoCh5nWTCoNnp2ThGe4ua,holder,syncspace,Team-treasury premint 1.6h before public sale via main candy machine. Core has since left team custody.
ELCxJ3qTiu3NUkesGcVq7uvq5TL8FxKP7hhgh1x9f1Cu,3D3BhmysdqmUct51a95kEeJ9eG6dLU8wrGsK1bRLLQAf,6793,2021-08-31 13:26,aury7LJUae7a92PBo35vVbP61GX8VbyxFKausvUtBrt,team-treasury,main,1.6,CtVYZgWtw2x8ZNK4Ur3ZFBgu9M4DAV5GVnVEwGwoEL1j,5wceam6f3i2PNykKQkomeord2dhxsmyTEaEFxVLVaegM,holder,syncspace,Team-treasury premint 1.6h before public sale via main candy machine. Core has since left team custody.
F9V6dyjMcF7KSEjBsbNDyqdDcmLGBMoSp6shXREVb2Sd,7eVB7NrCNvoGazJNSPgWACbXjPQ3vU7xwtLAXejxmp7C,3888,2021-08-31 13:26,aury7LJUae7a92PBo35vVbP61GX8VbyxFKausvUtBrt,team-treasury,main,1.6,3bALH3KnJwfya3e773aWxcpwC2xhmJ7vxcYrrAq9TBpw,3tdbuQvNKPXQZPiQNSzXdq8uVVZe59dgCF74sEfg3Qw2,holder,syncspace,Team-treasury premint 1.6h before public sale via main candy machine. Core has since left team custody.
5YCrkd52abLsZHi3DCFpGh1uFZzyjkgZRAh6qmiZtvFE,9RifkCcYQXTukkEN49W6cy99Wn9VoaWHex2465rYa2WF,9946,2021-08-31 13:27,aury7LJUae7a92PBo35vVbP61GX8VbyxFKausvUtBrt,team-treasury,main,1.5,AseksRRVMttgEGDQ5Nmg6XFSbztikNXoLNTFDSUQN8AU,5fF87PrqUvxqTWEB6hXF9rPFKnR3yPzzxXiCwbzYWK6B,holder,syncspace,Team-treasury premint 1.5h before public sale via main candy machine. Core has since left team custody.
F8ZHQKUSpAaT3yvSLXd34dgzvhHz32ThjnbSC9QGygM4,EHCEzt8BgTanqCkksnZVwXpPNoDxmxQVxpQNtdcendWn,9701,2021-08-31 13:27,aury7LJUae7a92PBo35vVbP61GX8VbyxFKausvUtBrt,team-treasury,main,1.5,2GtuXVXGKntWLndnFfN5CdqfGHeyrGMPTPiSqc9QaCTo,2CApC5Kt9WawmvvZNjHvedpT3adrrXKJBG7JQSSb6YYe,holder,syncspace,Team-treasury premint 1.5h before public sale via main candy machine. Core has since left team custody.
BesRo4Vh4z3YcuGQ1hD4EyPj1ZHgbpFTNEXjkJeEtUwH,CH96RDRN7nZSrVdpGG1Un3jYjNwtVJatSYHkmZNUgmPg,2790,2021-08-31 13:27,aury7LJUae7a92PBo35vVbP61GX8VbyxFKausvUtBrt,team-treasury,main,1.5,AzotmRTSJYXXRbSjSGnRsjvPKQ17KqRYQ4Msvjmqg12k,aumuHzMdUFiFCvJ7kk1djU4CViSzxJk3FjXTXgvdNZn,holder,free,Team-treasury premint 1.5h before public sale via main candy machine. Core has since left team custody.
38JBB9DV64DwUgdogSPQ4A36UmgWG5AwhAaJL5QFgfRc,7HS72g9beKY2o1dDSKSkxNk6eM7ZcgCtztCZtMsYLjN2,8478,2021-08-31 13:28,aury7LJUae7a92PBo35vVbP61GX8VbyxFKausvUtBrt,team-treasury,main,1.5,BPyjzVTjZJ6HvvzbNGbcyctnbyDWgyHTJvuiiSMCuz3x,BPyjzVTjZJ6HvvzbNGbcyctnbyDWgyHTJvuiiSMCuz3x,holder,free,Team-treasury premint 1.5h before public sale via main candy machine. Core has since left team custody.
8TmWPeeEw4mYnf2tHKVbKedqiaamPnVM7XiyfrtkQRaV,3ywyS62KR8TjUE74T7PjgUkMGa8jUTjTbiF9rm2wU1Yq,1011,2021-08-31 13:28,aury7LJUae7a92PBo35vVbP61GX8VbyxFKausvUtBrt,team-treasury,main,1.5,CCsL8y4VtbTHwWNDMGRVUb7SnVbvrWYxs2mpRyNMh7XY,EBQ1krhruYwgaeS6C3yvE5VMGPwZaLYaXfJJBxyqLMbp,holder,syncspace,Team-treasury premint 1.5h before public sale via main candy machine. Core has since left team custody.
EfJyHkzsF8dENyjUwQL4z2TfQpMETafUoVbEuMZTcfFV,2wkLkFBsm5xrJEAza8PUFcrpKXiv2SgRZWaXCZ91QjJj,7993,2021-08-31 13:28,aury7LJUae7a92PBo35vVbP61GX8VbyxFKausvUtBrt,team-treasury,main,1.5,FSEchJ7Qjmztczrxmew2XT7A5qEZqVr7GW5AEuAVH4rx,3Q6tfp9reCuMaRTzyfptBtoDZRyN2EPcN5iwcHNcDETW,holder,syncspace,Team-treasury premint 1.5h before public sale via main candy machine. Core has since left team custody.
3b6nvhvXL1Wunz7U1ud9t2HwG8V1u839oRVBUJDZwFXz,9yeXR2BoR4bAxiHfW4kKwYoe93Ka6dUNxo3d7Hwkne9v,2341,2021-08-31 13:29,aury7LJUae7a92PBo35vVbP61GX8VbyxFKausvUtBrt,team-treasury,main,1.5,A3cZws9dKxN83PTktu4vmKtiK9HjtTpXtsRr1qJ7bYxi,FY9NAS62iqRVkjSwzbWkSLammaLLa7WMduHkKd7oc6Te,holder,syncspace,Team-treasury premint 1.5h before public sale via main candy machine. Core has since left team custody.
6k6ph5Fu5J5KihsZGihPgvRR2kDXG4wekSMtKoMhyjBc,JCXooxU444Qmwxsj1TYP7jGEdTCXBNtpUnfRQAKMFDTE,9004,2021-08-31 13:29,aury7LJUae7a92PBo35vVbP61GX8VbyxFKausvUtBrt,team-treasury,main,1.5,5wMWE1wUg2MUrtLAgrqJFNBpUkLFQkbsBy6y22X7jfMw,eChU1NZZRNn6xiNYHx6as2Cc4ZNczJSr93YWesDz6CV,holder,syncspace,Team-treasury premint 1.5h before public sale via main candy machine. Core has since left team custody.
8HAHcTmnjjuYFe6xqyx9p6PmuftNUpNv9KNzUGpGJFK5,7e62Xpj65y6Y2nD4BBdPiKwvuSZDLduj5QYATUFo4py9,2144,2021-08-31 13:30,aury7LJUae7a92PBo35vVbP61GX8VbyxFKausvUtBrt,team-treasury,main,1.5,H9bTVueSas74np9r9uPQJeJrgQLqxZb1BWZt48xnc5ku,7wdcV2MX6yaCYYPaiaSG6PzRT2L7RMSdpT9uzRUzm91K,holder,syncspace,Team-treasury premint 1.5h before public sale via main candy machine. Core has since left team custody.
JD6qSntvWJHE5QrknoMhyuHKXccsi2fNTXgXi2MdFqXY,F5nsBK61AY13KT8gNKUn9wHTkS3KaW56RHQZVRQS9XFs,6766,2021-08-31 13:30,aury7LJUae7a92PBo35vVbP61GX8VbyxFKausvUtBrt,team-treasury,main,1.5,aury7LJUae7a92PBo35vVbP61GX8VbyxFKausvUtBrt,CguUjUZXNJJptxN2x4TMoHnx3cSFmBJH8b7zBDE1n9RU,holder,syncspace,Team-treasury premint 1.5h before public sale via main candy machine. Core has since left team custody.
3Gz6f5ZgfGCYpyWfdxj8ePNXjDBqmox8DWr4FMGDHxGa,7MVAnt9Hp4oZdLEkCGGtGx9znJfArLKKDhuV39ob9mY8,9406,2021-08-31 13:31,aury7LJUae7a92PBo35vVbP61GX8VbyxFKausvUtBrt,team-treasury,main,1.5,aury7LJUae7a92PBo35vVbP61GX8VbyxFKausvUtBrt,5k15YfLg5TmTeVUAuxpQgK4r3Dzuu9ce6RwmKUdtDXYH,holder,syncspace,Team-treasury premint 1.5h before public sale via main candy machine. Core has since left team custody.
HDtfMRCe14K1VT6wqBx5FM7iMNeQuT5h4Na8FkC2adxk,A1rz4zBfadJSUresfsNPkpRiRQHdVAPnGvgS4iFzNenS,5862,2021-08-31 13:31,aury7LJUae7a92PBo35vVbP61GX8VbyxFKausvUtBrt,team-treasury,main,1.5,6uzLG5r45RDY3D4VvyzUhFCKtZu13MMda1f95iFyTq9B,EqvDrbwNmuB8fvdb5y1AnNaxZs7NRWGGBVhesfgEsssk,holder,syncspace,Team-treasury premint 1.5h before public sale via main candy machine. Core has since left team custody.
3qRDxDBYwfmhsQnmytZChzWndPu9zxewmJP2MSDLZGuG,9De5Jx1rvTZfhF3YxMWys4hRAqmbTLXWtCVhX1SGAK9h,6130,2021-08-31 13:31,aury7LJUae7a92PBo35vVbP61GX8VbyxFKausvUtBrt,team-treasury,main,1.5,ASGSU7Eeyz5wprVfqbKXQ5xB2sCqrCPUFFzmHggbX8Dm,CsKFoW9fNJcueYufg8cPEH59nzM1QH5FwPXUvLwS7GMD,team-royalty-core,free,Team-treasury premint 1.5h before public sale via main candy machine. Core still in a team wallet (team-royalty-core).
3aBR2USfBCoseg7r8knGntLrudabU3RC13dVsz2F7UaP,5A6vQjeUn6u5Dm2rsSWf41199JJzfBrKtycUPBx7V4J,4757,2021-08-31 13:32,aury7LJUae7a92PBo35vVbP61GX8VbyxFKausvUtBrt,team-treasury,main,1.5,auryHMdwKGnjU4ZBjtacvARm8DcAVgEzYDzzJvVFfE8,auryHMdwKGnjU4ZBjtacvARm8DcAVgEzYDzzJvVFfE8,team-likely,free,Team-treasury premint 1.5h before public sale via main candy machine. Core still in a team wallet (team-likely).
5Yec8zW5TYj86Az9tysP8hBiJd82xR4TL5mMmMk9Q4Yp,Gp2r9XF5hM94bSdHpccP9rHj9NCnqKv8QrJMVr6GGPzA,3991,2021-08-31 13:32,aury7LJUae7a92PBo35vVbP61GX8VbyxFKausvUtBrt,team-treasury,main,1.5,ASGSU7Eeyz5wprVfqbKXQ5xB2sCqrCPUFFzmHggbX8Dm,5sWsediccJMsGTayzXtKWKkAaYLN17KBa78otHRrFV2x,holder,syncspace,Team-treasury premint 1.5h before public sale via main candy machine. Core has since left team custody.
94SPfauci93sRYdr8LaRTD5LG37ed2pkigRvZHBLitjT,FfeVhWHLwYe7tbyuZHzEFPyapwJbkAbn1ewuj8eQDnnJ,2691,2021-08-31 13:33,aury7LJUae7a92PBo35vVbP61GX8VbyxFKausvUtBrt,team-treasury,main,1.4,3Woo76j7qzNTVh3fZS4XHRv6dyJMcrtctnVLMrG3fkrF,4qxpyTsoAzHUyaFMZBGtkMaiMKdZ6KNjaFRAusDnXuze,holder,syncspace,Team-treasury premint 1.4h before public sale via main candy machine. Core has since left team custody.
85fXmPtKBQ9tNcXs1j1vaahFuRZzDLbjN428d8X96rW1,CCeuwivDkjeEbCK4gvg2x1rDithRJpXwahaefqUWHAgh,5721,2021-08-31 13:33,aury7LJUae7a92PBo35vVbP61GX8VbyxFKausvUtBrt,team-treasury,main,1.4,2i2xwD9y5BcwPmTVvRSSFuxGihB1MnFEvRmUAP56BvWB,2i2xwD9y5BcwPmTVvRSSFuxGihB1MnFEvRmUAP56BvWB,holder,free,Team-treasury premint 1.4h before public sale via main candy machine. Core has since left team custody.
HRNd1DPQssGpLSFj9emqBv9CUL8ANokBntSykKNmEjGd,9PRx2yAjREDbXR7YVUuuZj9kcofwEotMJfTTt5gtHYFk,5435,2021-08-31 13:33,aury7LJUae7a92PBo35vVbP61GX8VbyxFKausvUtBrt,team-treasury,main,1.4,aury7LJUae7a92PBo35vVbP61GX8VbyxFKausvUtBrt,aury7LJUae7a92PBo35vVbP61GX8VbyxFKausvUtBrt,team-treasury,free,Team-treasury premint 1.4h before public sale via main candy machine. Core still in a team wallet (team-treasury).
EtbQBoexQid2Cp73BxTQ6Gj76aVwY6fdpaYsuTfq9CXQ,D3rgbCsdqFkK4AaXDU5ZiPtCvM8keaFYhkfEfVQVn85N,3954,2021-08-31 13:34,aury7LJUae7a92PBo35vVbP61GX8VbyxFKausvUtBrt,team-treasury,main,1.4,FPNMQhpGtXRdh4LcMBQs35KZsGpwQYJDRicPgD63gUj,FPNMQhpGtXRdh4LcMBQs35KZsGpwQYJDRicPgD63gUj,holder,listed:tensor,Team-treasury premint 1.4h before public sale via main candy machine. Core has since left team custody.
BBhjGVUcK2BzNrSrPmeH3fVMNmttKZbr5eck33A7GvWd,3vfZCzgDJQz4NQWCvJuH1NGNjawQB2Px1qZFbsLWRsgr,2072,2021-08-31 13:34,aury7LJUae7a92PBo35vVbP61GX8VbyxFKausvUtBrt,team-treasury,main,1.4,Gre8QtpsUZGGknnoZLKZk52kUWNF38eiVpNYUPgskxwV,E6MafktJ79ksKBG3uJDReR3pWNq3rLJTPQ3VpVs9UoTU,holder,free,Team-treasury premint 1.4h before public sale via main candy machine. Core has since left team custody.
Ey3K3B5LGmuqWDMwgpTBpehnv5coFSJKW1UEidZEVqTo,CpPypFALSzbBPc7bdgx5xh5rKnbB8DMZwziHF6t1tqU3,9223,2021-08-31 13:35,aury7LJUae7a92PBo35vVbP61GX8VbyxFKausvUtBrt,team-treasury,main,1.4,paurUkH96miLCY531mvt3Kmna7W9aD7x2zUijRHhEcG,qa9ZHBMtDVxgQWE3mNBjH8Pf4CeGAa33s5ZRotbympe,holder,syncspace,Team-treasury premint 1.4h before public sale via main candy machine. Core has since left team custody. v1 never retired (collection still verified).
ETLBRyCBazcMAg3ZuL8ysrwWiv1yVv9MVdJYLgKAdGF6,Gd399XRxUCh1YHRUv9ho9QZG2D291K4iK3CYBj75i4cZ,1294,2021-08-31 13:36,aury7LJUae7a92PBo35vVbP61GX8VbyxFKausvUtBrt,team-treasury,main,1.4,FbfXAR6Tn5rYvrceDtTUkFuWUkWAMzqon1g92Cc6U4iM,S1q3Z6w4i3UDGZn2ZEK2h7zVKHtSU2sLqDPqc58jA8p,holder,free,Team-treasury premint 1.4h before public sale via main candy machine. Core has since left team custody.
78YxAwxtAu5sJERhWAgQSmpC9FowU8X6BHn6j9WGMXuw,4LN1i1G72WYvJhaGTjGo3ihJ7QrakA6HhwKwhWEbFeZX,3377,2021-08-31 13:36,aury7LJUae7a92PBo35vVbP61GX8VbyxFKausvUtBrt,team-treasury,main,1.4,FJzbU79xdYJvphqAN1aLBQuNEoHJNGkwFMUXQRU3QhFN,8wPVYS9DmbfubK4ypEooUZAZidUC2VyMfttukzYdUvsQ,holder,syncspace,Team-treasury premint 1.4h before public sale via main candy machine. Core has since left team custody.
8nwqwCgypBQLnbU1GtJfkPxsLq2rkyrsj7gbAdbW6xkU,pb8xXVSgBkrDzT8qbLsMe5mDt9K1V3bzh1A53hdpqDt,6064,2021-08-31 13:36,aury7LJUae7a92PBo35vVbP61GX8VbyxFKausvUtBrt,team-treasury,main,1.4,89Yo2uV4zXTBUg1DCoTyxvuszKyHUTVRwn9RdWsDwRFt,qa9ZHBMtDVxgQWE3mNBjH8Pf4CeGAa33s5ZRotbympe,holder,syncspace,Team-treasury premint 1.4h before public sale via main candy machine. Core has since left team custody.
5GbkfwvxdxBsoRERoRtYCYxocm7AKcngWF9XGTi9ZtCu,JChW1Edcwc3G26or6KMrcFvxyEh3CRSzooBhKTH3f8if,3840,2021-08-31 13:37,aury7LJUae7a92PBo35vVbP61GX8VbyxFKausvUtBrt,team-treasury,main,1.4,aury7LJUae7a92PBo35vVbP61GX8VbyxFKausvUtBrt,E6MafktJ79ksKBG3uJDReR3pWNq3rLJTPQ3VpVs9UoTU,holder,free,Team-treasury premint 1.4h before public sale via main candy machine. Core has since left team custody.
Hk2kSVmi2J1pwMvLRtti7pYJ8hnjq3ZzVRdhPZaurbXr,5YuiefZyxa6QtUtxnY5WdyncXucp5HqBApNnSHaj9LGZ,1687,2021-08-31 13:37,aury7LJUae7a92PBo35vVbP61GX8VbyxFKausvUtBrt,team-treasury,main,1.4,aury7LJUae7a92PBo35vVbP61GX8VbyxFKausvUtBrt,9ZbjGVwvADQ8roWVYXywvut9Thmv5GwtZV2oCtiNuLqS,holder,syncspace,Team-treasury premint 1.4h before public sale via main candy machine. Core has since left team custody.
HpakmM72khJ3bwKmDDR2fZKZCou8xAfJRWNUbvPW3N2P,GuxCqEoZmJp8DULXBnaiaURHzDS42LChnZ1VUaZw4c1S,3274,2021-08-31 13:38,aury7LJUae7a92PBo35vVbP61GX8VbyxFKausvUtBrt,team-treasury,main,1.4,paurUkH96miLCY531mvt3Kmna7W9aD7x2zUijRHhEcG,3hcgRwBE1gWGNsTGQXMvmM8Dip7wHh9MGZMu75ARGhPN,holder,syncspace,Team-treasury premint 1.4h before public sale via main candy machine. Core has since left team custody. v1 never retired (collection still verified).
3185w4dpHntjcjcpUkmRcJ9x8MC4vPcCpzqtj566PoYt,9geCszRQFjJcPuZZ9mTbrRGrsu6JEXVQM2ALrbXY5Sc5,5429,2021-08-31 13:38,aury7LJUae7a92PBo35vVbP61GX8VbyxFKausvUtBrt,team-treasury,main,1.4,DfSEkjeMh3DA78RiQF175xawVP8DRNDw9B82By18A3wZ,DfSEkjeMh3DA78RiQF175xawVP8DRNDw9B82By18A3wZ,holder,free,Team-treasury premint 1.4h before public sale via main candy machine. Core has since left team custody.
K1xa3oSPiQBrPCALQUC9isYiTTGEvTqZTxQJnLCN3FB,2NdhYq8wLAbscwHz3mECQAH7gS8TK5mJXGf2pE6TtxVH,2571,2021-08-31 13:39,aury7LJUae7a92PBo35vVbP61GX8VbyxFKausvUtBrt,team-treasury,main,1.3,aury7LJUae7a92PBo35vVbP61GX8VbyxFKausvUtBrt,aury7LJUae7a92PBo35vVbP61GX8VbyxFKausvUtBrt,team-treasury,free,Team-treasury premint 1.3h before public sale via main candy machine. Core still in a team wallet (team-treasury).
7bTLHs6zEWBMiVgenVSWRP7qPJJqy1MvYHnAVEivEjz3,FruPjsvQbLmH3dYeEx34sh8ke7MJxyTfwPAjCyS3rr2B,5252,2021-08-31 13:39,aury7LJUae7a92PBo35vVbP61GX8VbyxFKausvUtBrt,team-treasury,main,1.3,aury7LJUae7a92PBo35vVbP61GX8VbyxFKausvUtBrt,aury7LJUae7a92PBo35vVbP61GX8VbyxFKausvUtBrt,team-treasury,free,Team-treasury premint 1.3h before public sale via main candy machine. Core still in a team wallet (team-treasury).
EurKRk7dLZGw5AjFvWypSprNvMPygj4LKDpq4TtsXpuf,AquYm3Vnj5YmRs9tzPzPkSw7HVqE3KyTQYd6REA23y1M,9144,2021-08-31 13:39,aury7LJUae7a92PBo35vVbP61GX8VbyxFKausvUtBrt,team-treasury,main,1.3,CsKFoW9fNJcueYufg8cPEH59nzM1QH5FwPXUvLwS7GMD,CsKFoW9fNJcueYufg8cPEH59nzM1QH5FwPXUvLwS7GMD,team-royalty-core,free,Team-treasury premint 1.3h before public sale via main candy machine. Core still in a team wallet (team-royalty-core).
8sKcNkfRVL3qSGorMDpUBevXBgJDBGbGNkoqt5kSYeQ1,B5SKrxQ6VJ95ydeSVMxWcFFkAFYkbvR5viFkjKnz2GeU,3134,2021-08-31 13:40,aury7LJUae7a92PBo35vVbP61GX8VbyxFKausvUtBrt,team-treasury,main,1.3,aury7LJUae7a92PBo35vVbP61GX8VbyxFKausvUtBrt,CsKFoW9fNJcueYufg8cPEH59nzM1QH5FwPXUvLwS7GMD,team-royalty-core,free,Team-treasury premint 1.3h before public sale via main candy machine. Core still in a team wallet (team-royalty-core).
9DeopqLfpUKvKSbJtDAJULXYUQSoJdsMyhZkhSvEXZ1Z,2sRdYUf1QgBtaukhjmBdgAPtfxHmxdpnrw19KnZNYJse,5351,2021-08-31 13:40,aury7LJUae7a92PBo35vVbP61GX8VbyxFKausvUtBrt,team-treasury,main,1.3,HsbkVxh8p5sh4NA9jVhsuhguDZWj6ygPLbKCoSBHnNpm,HsbkVxh8p5sh4NA9jVhsuhguDZWj6ygPLbKCoSBHnNpm,holder,syncspace,Team-treasury premint 1.3h before public sale via main candy machine. Core has since left team custody.
Dsdb1GoQdScWUofhrcJyH9MrcaecvaqTcTSCS2mTGVXq,CXsDZU4p7Fj8DdTZgoZqi463tXsvFxMXDFceUQPfYX7U,8198,2021-08-31 13:41,aury7LJUae7a92PBo35vVbP61GX8VbyxFKausvUtBrt,team-treasury,main,1.3,Hnvv6w2rMNiqxWEytwY3KVbqH62qB1Tp1wGnif5UurhA,Hnvv6w2rMNiqxWEytwY3KVbqH62qB1Tp1wGnif5UurhA,holder,free,Team-treasury premint 1.3h before public sale via main candy machine. Core has since left team custody.
68wHNxfTHbmcGNd1rCYXxz1Wy4fLvYL65rtXzF4oFAL8,9rrKEHAHiwNdG696JgoU71wWPrVnCdartQ9kkjvNGBQx,4569,2021-08-31 13:41,aury7LJUae7a92PBo35vVbP61GX8VbyxFKausvUtBrt,team-treasury,main,1.3,aury7LJUae7a92PBo35vVbP61GX8VbyxFKausvUtBrt,DHNHnQowiCFmX8MeL9kzuqPM4MLjSDnhCRRaFtVx6wfV,holder,syncspace,Team-treasury premint 1.3h before public sale via main candy machine. Core has since left team custody.
9Nh9bY26YhhsnANxa2WNmWee6nCXoaagx7ER1K35TaCW,3TKkuE7vgBizBpNsdbWCnrVxALGsQwTUicq87TzqdfRv,3482,2021-08-31 13:41,aury7LJUae7a92PBo35vVbP61GX8VbyxFKausvUtBrt,team-treasury,main,1.3,F7tXjs9H7bC1kpMFx9Lr6GiQkwWpWtZ7TKiQnYNyxHhm,F7tXjs9H7bC1kpMFx9Lr6GiQkwWpWtZ7TKiQnYNyxHhm,holder,loan:core-lending,Team-treasury premint 1.3h before public sale via main candy machine. Core has since left team custody.
ARcYsVqJLcY4csqwiGFXkL5k2vsYEK7o8t2ZrUmTLz7i,BtQVjLnkpTjFZ8ybNQoMXx4fvsY5hAGKaUEhdpTMYVik,2616,2021-08-31 13:42,aury7LJUae7a92PBo35vVbP61GX8VbyxFKausvUtBrt,team-treasury,main,1.3,H8ierpEfSChieqGb8VDUGpPYDChevj2TJRsrUpuMvR8h,D5NVo4BcTXhs5cTmvUruNsiKcd698c12iphy5MpSGFv9,holder,syncspace,Team-treasury premint 1.3h before public sale via main candy machine. Core has since left team custody.
X45Z7raSoBbCJsBemNbhnYqiBxVKtvposohgZ7ctB4X,J2kSagd7sfx6KVJByw2p3y1F1kaRLdDsbKo2jVRNGN7t,853,2021-08-31 13:42,aury7LJUae7a92PBo35vVbP61GX8VbyxFKausvUtBrt,team-treasury,main,1.3,3mESjFdPsfn7p4eHWEFPbxupg4uPbrTqwnBo5cHcFU63,9ZbjGVwvADQ8roWVYXywvut9Thmv5GwtZV2oCtiNuLqS,holder,syncspace,Team-treasury premint 1.3h before public sale via main candy machine. Core has since left team custody.
F3LLoWhz79qhBTKWTHL2rWb3Mz6wCZVtKUKJr6pVi1Ey,CtiyGFt15n5rXamP8ZPysufWR2Ln4f9gEbnNvZnoiZYh,6713,2021-08-31 13:43,aury7LJUae7a92PBo35vVbP61GX8VbyxFKausvUtBrt,team-treasury,main,1.3,paurUkH96miLCY531mvt3Kmna7W9aD7x2zUijRHhEcG,5k15YfLg5TmTeVUAuxpQgK4r3Dzuu9ce6RwmKUdtDXYH,holder,syncspace,Team-treasury premint 1.3h before public sale via main candy machine. Core has since left team custody. v1 never retired (collection still verified).
8JgysHD9cJdPmn74QrLKXw3K8q2e1mN1SU48MQTDfWtq,7VwzkxMFZQTTes3MeaK3hVQpn2n45o4dCgmZ4uePEwpD,6584,2021-08-31 13:43,aury7LJUae7a92PBo35vVbP61GX8VbyxFKausvUtBrt,team-treasury,main,1.3,4KkJAWHRLxZMqmnmDLrZY65yA9LBw9GEC9BP5CUovei9,CiS1udKWfC9tQqMLE2pDCryHMUyoCaL7PNWY3hm5o49x,holder,syncspace,Team-treasury premint 1.3h before public sale via main candy machine. Core has since left team custody.
Gv8xXetgs6mZ442h5aCiUf5GC8VdcwUpoJj46rHA4bRs,4cdvbsimwyKxECFdaTcWMk4QCviVfyd4RJuJVJT5GcL5,4996,2021-08-31 13:44,aury7LJUae7a92PBo35vVbP61GX8VbyxFKausvUtBrt,team-treasury,main,1.3,GdsgZoxUnD2F84rdsDMpx9n8nDJT9R2EWHb64jLc3QNL,8mdWvYHTwRdFL1af5RzzoFmp7Z3tXqRXFZrSY5GJXC3Z,holder,free,Team-treasury premint 1.3h before public sale via main candy machine. Core has since left team custody.
5CsvtwfXt97RBrEJFXP5eyjpHtvqTuk1A8ezrfy5x4fR,4R8eHzsUPWfCMGap6Aoud5fQv6Znn3j2nSKPuZH8smv9,7889,2021-08-31 13:44,aury7LJUae7a92PBo35vVbP61GX8VbyxFKausvUtBrt,team-treasury,main,1.3,aury7LJUae7a92PBo35vVbP61GX8VbyxFKausvUtBrt,65NtRpPYzrgR3gevbj6wxAzKX6aD2b9MpSFRxPhwTwUe,holder,listed:magic-eden,Team-treasury premint 1.3h before public sale via main candy machine. Core has since left team custody.
HSMYQoWpvyEjQMPp43dt34H9sA3wDRh4EYLcn18xEN35,Gvcx5HaaBnztZBMF45CEmebtHaAhN8GnDcyFavEVUbZ2,7126,2021-08-31 13:45,aury7LJUae7a92PBo35vVbP61GX8VbyxFKausvUtBrt,team-treasury,main,1.2,C7kJqPLcY4UNqRg9kr1aHPFEM5sLDDSGdRFq55fvnxot,CnTkAQdqLV6CYBfxEgzmsuXoCZiTfHR6x4SM7DeN2HcT,holder,syncspace,Team-treasury premint 1.2h before public sale via main candy machine. Core has since left team custody.
FAnVHiks5PRPLqSrPXXV4yzsULs4v3eygCdfop8wWMwL,Gd5BBTV9AwX4GFEj5kKPAPmkQ36CD7Q5tCQkvHW4wp7c,7374,2021-08-31 13:45,aury7LJUae7a92PBo35vVbP61GX8VbyxFKausvUtBrt,team-treasury,main,1.2,Ba9WfmSCASFg3b35ZkioG9FrhBqzZ2JQhWcArtDhMdNT,Ba9WfmSCASFg3b35ZkioG9FrhBqzZ2JQhWcArtDhMdNT,holder,free,Team-treasury premint 1.2h before public sale via main candy machine. Core has since left team custody.
3Ao3ZLGArEWGM3eRKaJdKFndT8eG292xAATrq1KhvJsi,BsKKAp8Sunr57zU4V6LPmVjZZozJCdRG6oADdatxq25e,8170,2021-08-31 13:46,aury7LJUae7a92PBo35vVbP61GX8VbyxFKausvUtBrt,team-treasury,main,1.2,58WgRzeYwwpwdpgohUzLoQjTQsaEVWqGDXwita1WmcuC,qa9ZHBMtDVxgQWE3mNBjH8Pf4CeGAa33s5ZRotbympe,holder,free,Team-treasury premint 1.2h before public sale via main candy machine. Core has since left team custody. v1 never retired (collection still verified).
GrWwES1jmNTN9HUsxfj4a3ozMTL46BL6Dd8z3ncr2kGG,BHe1QfNhJdM8vtzizRHWhGMP37Qp2wykF3SMWu9LUJS5,6656,2021-08-31 13:46,aury7LJUae7a92PBo35vVbP61GX8VbyxFKausvUtBrt,team-treasury,main,1.2,auryHMdwKGnjU4ZBjtacvARm8DcAVgEzYDzzJvVFfE8,auryHMdwKGnjU4ZBjtacvARm8DcAVgEzYDzzJvVFfE8,team-likely,free,Team-treasury premint 1.2h before public sale via main candy machine. Core still in a team wallet (team-likely).
5ZwFJJU3x1ARS1CRVbej7xSzeJLk5pUBSsUKMdQ56DhP,58niWjoR7i2SwGmAuJHuBm6TwrCMET29tJqyHcQhsk4h,5367,2021-08-31 13:46,aury7LJUae7a92PBo35vVbP61GX8VbyxFKausvUtBrt,team-treasury,main,1.2,8uZoFc1JZNu1pkAz4MysUNxk7zc3w5v7UcWVh6Y8vYuv,8uZoFc1JZNu1pkAz4MysUNxk7zc3w5v7UcWVh6Y8vYuv,holder,free,Team-treasury premint 1.2h before public sale via main candy machine. Core has since left team custody.
DB1jbuwXPnP8WxyZ9BDaoK3QWMxwtDbhGLkfRTEx8E5,FgvmQL6bE36G2ruXoau5akfeNxZfTp9BntzMbe6wk6jJ,6535,2021-08-31 13:47,aury7LJUae7a92PBo35vVbP61GX8VbyxFKausvUtBrt,team-treasury,main,1.2,aury7LJUae7a92PBo35vVbP61GX8VbyxFKausvUtBrt,aury7LJUae7a92PBo35vVbP61GX8VbyxFKausvUtBrt,team-treasury,free,Team-treasury premint 1.2h before public sale via main candy machine. Core still in a team wallet (team-treasury).
DtabiYw68BMA781q1sNQU2zZbaMixn9NxwKiBQkhZeGw,DeCoidy6DMY6ZnLJWRw6mpUwb41Lnjt7n2zPdpFwM3aV,6387,2021-08-31 13:47,aury7LJUae7a92PBo35vVbP61GX8VbyxFKausvUtBrt,team-treasury,main,1.2,9ZtFPMqY8eD8Fq3o1L5qey8jQwmGtoV5zZHjeyTLXDY,9ZtFPMqY8eD8Fq3o1L5qey8jQwmGtoV5zZHjeyTLXDY,holder,free,Team-treasury premint 1.2h before public sale via main candy machine. Core has since left team custody.
766dDNWBhimQnv7BqSEsTcKneYd3scih7nurvuwMZnkC,3yVguBQT7Y6GZ5Xjz665Sx4ZwPkA6XBAQSr3bpKYYVrt,440,2021-08-31 13:48,aury7LJUae7a92PBo35vVbP61GX8VbyxFKausvUtBrt,team-treasury,main,1.2,H5aycBMkQ7p9cPZeyBa3DcGCmtdULz3RyVy8mABaijyQ,HBvKBYH8pT9HgvhEV4V7nASvAECaQUpKiaUiumKrJnF2,holder,syncspace,Team-treasury premint 1.2h before public sale via main candy machine. Core has since left team custody.
