V1Mint,CoreAsset,V1Name,CoreName,Method,V1Owner,CoreOwner,MigrationTx
7PuB1jc4rpT1FNvwbpp7sMuYs6GAVNfZinBf7JsP4f8X,9cmWuKLUCUg56PaSENnrJ5QP6sDuY1DkHt1nLE5VNMGD,Aurorian #27,Aurorian #27,trace,6erKQrjX85WFqyMmHK1WW6ss6gm8rAY4DX4SfjFbdv4y,6erKQrjX85WFqyMmHK1WW6ss6gm8rAY4DX4SfjFbdv4y,HYJ6iboK2rwbv2VHhNiLXCXJot8zJe8XsWYMGA9hirKKzCQKABff2kVsw8CYjJ4hCLVpZkjxiBRZZ4etyB19zA2
J4Y2dtEQaaRjwxgfq9jgnBqwZGLgSAuJr9epVfkSWDYc,DUM6SkQJT69sszK7Zh5cngpL5g8HsCP8i9m1nA4p9znJ,Aurorian #221,Aurorian #221,trace,jShGdWowkmMQDQbfaYhNT85YV9PZ4NJEioJcgH87DPF,jShGdWowkmMQDQbfaYhNT85YV9PZ4NJEioJcgH87DPF,48PkqLiC1n516cBAiFhng6Up2NmjmJ6rSHwJGHdDc575kQqAb4jNfUy4JpQ7Liz2JqLpA1aBX9PKNGqfRC7mc9Ps
A1Zg7j25zvjZCEdXCUxxrrF9Epzt6iHaqjs8QKEQHtYb,33AmMhHn6jLVW1U1xtfKD2y4CmDNFD2FjGK4q5tVUyp1,Aurorian #234,Aurorian #234,trace,Cmj53MLXCbusTm2ahv7mPFm6UcfZqPMQrhw1ihdGtQWg,Cmj53MLXCbusTm2ahv7mPFm6UcfZqPMQrhw1ihdGtQWg,jobwPbAXe6ozq6FWKzMuwBE26dPvAtLcLVQEMV9Fxb9naooaZTRJCZFiVm4M23RD1WXWiyANSZXYRSjYxqogPSJ
3HbuU6gtAbfGaMZHYvctNvSZspUBTYJ6aDLQivSGsHwb,BKeCeeQg2pePv9kY2MCKMh6HnGDo5oQ2AiRntZLUFvfJ,Aurorian #252,Aurorian #252,trace,aury7LJUae7a92PBo35vVbP61GX8VbyxFKausvUtBrt,aury7LJUae7a92PBo35vVbP61GX8VbyxFKausvUtBrt,4Thk8VFSm2a83NF3919pGp3uQz5CDCRcEHj7smyBjf44bPaWqMmu6vxSwkTxAo5dEktxQYXWutuPcmKRT5YACBJX
CJFpxu54MYoAm7BeQ4WA9xCVqYctKjPzff7vw5F2oqDv,4hb1xqjVnwvbGhiFGQ5HyhgkhUqv5ZrUbwQyhmx9Wfur,Aurorian #308,Aurorian #308,trace,j5mc9g7wByMs3ShaVXMfkvA6mPK3wQoHLMqR7XVRVcX,De6xFAFpLRmrwfBRFZGNsKQ9bSrmeENShx3Qm9YhikVX,5vYD7U4Bhg5mv1hc3F1XxS6sWJSvWnWGjLFjXVsjxHmwVNuLYKWnX8rFFBT2Qn6G1Tn53EGgE3e7N7gm5u8qpM39
8BAucwPrgU3ohkzteVyoqesJPk88n6wGDLbNF8XS9Egd,G4kLpWjAtu5LN9QvgCeKSCNaWUuahHFbCLkHTPuYSBN2,Aurorian #416,Aurorian #416,trace,CLJBHLmDz5NNUmRS6LhMTLk99MWKoiBarnTSiVE2SiBt,CLJBHLmDz5NNUmRS6LhMTLk99MWKoiBarnTSiVE2SiBt,4eD22bWp29xiYv4WxZQVW3bdznyW3au9T1PnZ9dp6b5yaQ76AW3qMYsFS3Rmrr6gzRAsy8vb3TWEvDqxLMsPo3Zw
DY5PWoJV4XSNJFKU2xRad3hChDC5pjvqQptfgntXcR8g,2UHGzeoGcz1R9khFxeusuzrpX4h1htHspuuhqunnaHnc,Aurorian #5899,Aurorian #5899,trace,AhMqoTaPbK6FdZkvvSBLhZNYMmRXxDfQPZYitraSqQHL,AhMqoTaPbK6FdZkvvSBLhZNYMmRXxDfQPZYitraSqQHL,5Kvn6vkfNhGGy5prGjRmxuJE3kqq5WX1qv88YBhfLsnNrFtvuP1ietMS4n9tTi5GfSToHgeMsqvifhrvmA1BtJfm
9GMBN8vJDi8TAnLaAaxi9RA4mNDmEDw9zXJtFoNfpEaR,5Jj1fo6Q7VrfChk8vHH3qt5HHoBSyDAjmrY6im7q1Xhc,Aurorian #4932,Aurorian #4932,trace,aury7LJUae7a92PBo35vVbP61GX8VbyxFKausvUtBrt,aury7LJUae7a92PBo35vVbP61GX8VbyxFKausvUtBrt,RiFtW6qiNW4d4WVXsxngp4NMNdULF5XdWZ9tyHrCUdFF3AwYxuTEm7uWtc9c4515qg7tJDHWmS5aqie7ttCYt48
Hz6fiaV3VcjAgd8jLc3wSLByhYFccxpsxtrwJXofjA3a,ETxcTtVJt966tAhUr2YxJid7oVQzkgcrkjpBpwHzYZ1W,Aurorian #1331,Aurorian #1331,trace,FrU9RKioxZ6YoF1r1NV2drBQkzAfZGNhy13TpASo6yA3,5wceam6f3i2PNykKQkomeord2dhxsmyTEaEFxVLVaegM,4FEUtyxDSKw6t2UDf75EYoa1mXWy8Hs9EA23nnXBXBigWqswHbvmYMe7teSuvUi77LKgo56D68zs3rkS2qyDpiSA
4xhvVzmQufVHBDjp4c5hDrBhAeXLmmqiPdQjEvQW3D61,5Ep15CWDRRwDFA4hdK2RX8K7beZMhUa71uPAn3r34sMf,Aurorian #3742,Aurorian #3742,trace,2jcmG2MqUw3vB1MaY6j5kis97P5HDf43GM95uJqWKoB4,2jcmG2MqUw3vB1MaY6j5kis97P5HDf43GM95uJqWKoB4,3inuwWzFEmP6oxwQN9yVDr3eMMGBHnS3tS17XpfC1vs9VFV4jkyeAucSHGYME9pfmWWAoHDr3acSuzJGzesuFWxD
6bmnLrCNaDEWVfRUHjSG5sNYQ4LeysneJPPe74hXfhP4,B9hzqTJpvgSxekSbPo73WmTm3eHSUdSBVWHq9n679Ga3,Aurorian #5167,Aurorian #5167,trace,5GRijRJV1itqEBSZcc8wRQ6yXZts1XsR8T8urasqAQHj,9ejxjyf1iSgJf7JujEGJmJGUoEjwKe3PQ5tVJZoQPY1g,2EJLsNjPJCybDbUATtefkUdcAxceeJqFaNYoZY8hgSkrVuSjgaHxnqibjvkuEuqbUJtHFvUyYS4zwYQoHRzRTUTo
7FFgxSFy5FX769xCu8bkQ1pahRgY6pQVu6QzWEq6XeHo,FZwSayrWtWXynqt7wsn5JeBmacwhNDfvkWCcY5esoQWG,Aurorian #5815,Aurorian #5815,trace,DmzfKBtr7qxUELJYyA5VvnpsU6brpKUXJUrVah3vXt9C,7LqCUWLNQBc1MaCKXF2mFetZfM35fDQhyBqMYhKTTEME,67kdVcVD4Mbmgi4hy8896b7k7yFbhTJhGSFsRstJmRdwqeiUtbZJLnhpox33ZWGquiDhk2ipKA151urfxsgziuQo
9L2H6WYaUQGnu8oGxGfDzo22XVeUbA7kuKU46CLWGL1g,38C3iTsvVSb3mRZR11fxNTQJoXsHEriTMMAYboAKXaZr,Aurorian #7544,Aurorian #7544,failed-migration-tx,paurUkH96miLCY531mvt3Kmna7W9aD7x2zUijRHhEcG,CASHaa4PzBAYiy9K1qszEHp4a2KSmNmCWboEYNXVatTr,4HZJLNrycFStFXHnmRH54ryT3UEfXPemSMXPraFexdNvqsJrDsKsGXXjPw8Tj5haSxMDVsPBb7VK5Dw6PfXuxpQS
GGKMRcs5dFJTnreK1663CSWybYRuABmapb5M2ndavASJ,Hcu7QBY2LVmTYN4VvmQ71a3tTCW8swfVhwu1997Yj6Yy,Aurorian #7632,Aurorian #7632,trace,FBayq5hrtPerZFdiZ7ZNXrgoDEDunM8oAbyX9r1pMMp3,FBayq5hrtPerZFdiZ7ZNXrgoDEDunM8oAbyX9r1pMMp3,NFdiZ1qkYGaxsh2Js8TqVGVjLhNxbTViQ8GUfha6bNm8HbWHNkZUGjjYn26qBa4EHih28qNME3Ae5g51ii8BPcY
DFfDLpqoVwBc8zmaDy7ySv28ekkXycXPscjYtRKXFc5b,F8pey4u63z3SPHVzxrqSUaJSZB2buhS3UVrQjpEBVLUR,Aurorian #6514,Aurorian #6514,trace,aury7LJUae7a92PBo35vVbP61GX8VbyxFKausvUtBrt,aury7LJUae7a92PBo35vVbP61GX8VbyxFKausvUtBrt,5Sg8dgkDYaEExmwSCaCcNCvqFP4iU9sXU7zao4Zs3MBTR7yaYkyCERj58HPt7ZPLYGefiftxahMe78JFHsSCFc1X
DuZzQevois3BDZuBsJJQ7LgLNuBrykktwXxepoPf6Y6h,7RNYRRUuVpFyHQzZYjYugG84YzBYcegxAMyjQiub9Bpd,Aurorian #6283,Aurorian #6283,trace,52FtovDYDowztXUhD2sWCnCpL6RpRGqEAq7kzrbj7u1B,BpPVP8dBphx5LPncK3Kb3RTHcHjYRWenxPjJ1MSTfmvx,3fpTJMWSQxn5wQezjrx96xgKJQwhiqbUhQi9YBF1vykXXHnGjrkpVZia86N5ds5nYR2rb6GTrsV84bYx122LQZgG
HSvQuEwiiquNb8EZUPUNZvwuwTuTVeDfM37D8AA7sRyW,B1MCTQgHrvpx2ZvWEE63ZAYH4W2MqXjRyBKXXeYAJQTJ,Aurorian #7683,Aurorian #7683,trace,aury7LJUae7a92PBo35vVbP61GX8VbyxFKausvUtBrt,aury7LJUae7a92PBo35vVbP61GX8VbyxFKausvUtBrt,tAFFoTVjhrJptVQBrpMLQJLeF7CFe13sa2sNi2H7rVR595rwN4oMzserQsMU7mctSHV9XSg4t6HJnuLQQiZ3jz7
FH5Bo1aLe9jYnNYgVZ2fj1cznmiMHrZDfG66r63SAqMW,7uLNA6CpLDHkmzPPym2AxrnbCvEqwAPRN53r8zVrUaHL,Aurorian #5923,Aurorian #5923,trace,BmkoWuHYFjWAKjdwfL5cMXqQ2NsBXsZEnM3Bu7rSYs8k,S1q3Z6w4i3UDGZn2ZEK2h7zVKHtSU2sLqDPqc58jA8p,3j37YJjCwXts8VKMQPi7J2udaHkG2Zg5qHm73gjaBvyHmpDGak8f1hYcxLmLVWRhHAHyHg157zAEfX9HHJfFDWvv
GaPDiSqGv8EdQMDNBcPZGprgTYZzTmR76K49dfg3JC6C,DvnkeKTRtrqotDwrJ6HiYoqQ19g4u21ZPdVTwwSLowKY,Aurorian #5669,Aurorian #5669,trace,Be4wbVSGPSscVkp6LnyR4Un5fCD5CoptWHb2USzyhojo,RPcgNB4iAzEQHcuEGzzo1hCegEpqhj3GNqJmVY22EYf,5rzDD4WWaycMNgzAGPhoZS1Hr14ZEkJGoT3KfzFcFMgCuZS4fbrqm7CtauMCLVwc7SkPuH4bZUoVTvy7PAPcizo8
7EyaEZ2yucgDWhkrVgaYMan2HoJvgEsFKCiF4jUXFaoe,4fiJB6ZWcAELF25TY4x9LVbu6zL2hP9vfEdjibAgyhfq,Aurorian #6146,Aurorian #6146,trace,aury7LJUae7a92PBo35vVbP61GX8VbyxFKausvUtBrt,6BmnZ6VG8WX2QXzBasVEXqgXPutzxvwvHpUMg21Cpz5h,28a1gGAaeqfGWbMuv6kJujv1gxgrH34vTjs6kd7SD5JYESGZCSSPZdZhw9dcZgZm5JfTrAD25Yp1ZKooqeokdoFQ
8zLEHwNTmxhRcAztx69vcZw6NGbXRvhjDDv1LW4TheBx,7sCpM5BRnFkGdLLEvkQpcj4sa13eeAQ7BJdTsX7kdxPx,Aurorian #7418,Aurorian #7418,trace,CqA42zXaf5zXk7EW7jtCLfL2uH1efuB9GtTfjfJ2hzoq,CqA42zXaf5zXk7EW7jtCLfL2uH1efuB9GtTfjfJ2hzoq,EWqHPeBpW6rk2ottd4bkZVyRyBzqc54fqGuYpi9wGCTkyAN1QLdEQ2bupXgy7Atq5Ab6rwqfbmFttmMirHrKMW8
6nnNuvyQDUooYBqurnW77j9bRbkv3RZVuSF4Zv4ncwBN,6EuxsGuasngBzFvFpGNkuC3HCup56ucBzfkoMoM5d9r4,Aurorian #4322,Aurorian #4322,trace,DmHhENyvzcjwtwQoR9uZc8QCSwXgk9tUqixDFD3pvGPB,DmHhENyvzcjwtwQoR9uZc8QCSwXgk9tUqixDFD3pvGPB,6vq8oAijDkvEXNdEfX5pEDREuA3Wfmba9yY8DTyZDAiVvLDjU1s2DJQoEbHGbWB9bRDxzBeuipTgvXJNLRf68Mc
779X62P2rHcbUhhcFcp6xsvQN1ZeKG3FGrGTiXNdtpTu,dKPFo3DTFs5sMCLCMZi3vitqwWLaF2jaAKU7CjTAoVh,Aurorian #2096,Aurorian #2096,trace,2YGYkdEMQYgAyfiDnPbtVmgcuUnEzSLeG5HrXLAPfs16,5k15YfLg5TmTeVUAuxpQgK4r3Dzuu9ce6RwmKUdtDXYH,5HsRiBoTN52Jh65LyvF9BKXLgQyrHVaPNQfGHNDYmYt1K1XCASeGi6FFzZxtKR4SzffmZ9YRZnwQGjMWn71ckrZ3
GyUF3aFR4SYBZwHz2N6fWDD4Vg1Si8kPPruHvzbC9pks,3Vfgjm93QyT3GGtZyPDfeE8qtc97WaM8ui4VbKZmw4P6,Aurorian #6260,Aurorian #6260,trace,7Andq7R651RgkuF1hGXhNMgWFimUNjGu2dFSd65THhKg,88gNHWScPbq75QunYtRi84YqvKwJZ1cjmqrF7chp8VXo,67RKDQbPyN3Q4aMsKZTqXMwVA5TTXTsBPMDeELLg4urwiaYqptMzVMX7xTcJpdBniy5N3VBt9x3nDopbyQquojgK
4vvdC2VKAPN5uZNjyDsjfQrSCPCw4xadA2LmyJZCi6RJ,7GNs5ASYHUtVzegz4MhTcGqbZhe5UX6J8Un2rPQoK1mw,Aurorian #9310,Aurorian #9310,trace,4U4fVr7f3be5UWE4TCq1qzibspgLorXCfE3dhvxCoRJU,5ALm63hG9ktT51AzeVj18PdMoCh5nWTCoNnp2ThGe4ua,5XLnvKAucHHBY3WmPcMEu6EfdAYeSrZUKtiEax5fazrv7bXM19GeLRDcf8NiEr6ti2JPFESzqCrUCtYvG6oCsHWv
ELCxJ3qTiu3NUkesGcVq7uvq5TL8FxKP7hhgh1x9f1Cu,3D3BhmysdqmUct51a95kEeJ9eG6dLU8wrGsK1bRLLQAf,Aurorian #6793,Aurorian #6793,trace,CtVYZgWtw2x8ZNK4Ur3ZFBgu9M4DAV5GVnVEwGwoEL1j,5wceam6f3i2PNykKQkomeord2dhxsmyTEaEFxVLVaegM,46M9CfMnZhJsTXJ5fHVxZFVkqqLsxw2TEJNLpf5CveZstvw1171YNrSKwGb9dH6n34EhyF1xLfkfP3dZLRhhwzW2
F9V6dyjMcF7KSEjBsbNDyqdDcmLGBMoSp6shXREVb2Sd,7eVB7NrCNvoGazJNSPgWACbXjPQ3vU7xwtLAXejxmp7C,Aurorian #3888,Aurorian #3888,trace,3bALH3KnJwfya3e773aWxcpwC2xhmJ7vxcYrrAq9TBpw,3tdbuQvNKPXQZPiQNSzXdq8uVVZe59dgCF74sEfg3Qw2,xhxzGZ4YkuXazZ9q8q6H9Nh5YYAW8i1tWAjxVi8U4Sbu6er9BfRAmtjLfaQG32Zsyteo9icEpNRR9ePLfd2BHtN
5YCrkd52abLsZHi3DCFpGh1uFZzyjkgZRAh6qmiZtvFE,9RifkCcYQXTukkEN49W6cy99Wn9VoaWHex2465rYa2WF,Aurorian #9946,Aurorian #9946,trace,AseksRRVMttgEGDQ5Nmg6XFSbztikNXoLNTFDSUQN8AU,5fF87PrqUvxqTWEB6hXF9rPFKnR3yPzzxXiCwbzYWK6B,22cm13mBB8H4vUwRbS1yt6y8Q5uEqt9z4iqcYj2LFhmqyTtwjJW7HhJqykhtJAJdJdXgwT87uERbijUDcM4vVvM4
F8ZHQKUSpAaT3yvSLXd34dgzvhHz32ThjnbSC9QGygM4,EHCEzt8BgTanqCkksnZVwXpPNoDxmxQVxpQNtdcendWn,Aurorian #9701,Aurorian #9701,trace,2GtuXVXGKntWLndnFfN5CdqfGHeyrGMPTPiSqc9QaCTo,2CApC5Kt9WawmvvZNjHvedpT3adrrXKJBG7JQSSb6YYe,41HYRaixqn16DycibtMPbZ5nFAY8nFcWDnqQ9kBPicdefejQazTnDmAit4Xiwf5xf7SrYUS3nJgRVg5v9nGSBZ8p
BesRo4Vh4z3YcuGQ1hD4EyPj1ZHgbpFTNEXjkJeEtUwH,CH96RDRN7nZSrVdpGG1Un3jYjNwtVJatSYHkmZNUgmPg,Aurorian #2790,Aurorian #2790,trace,AzotmRTSJYXXRbSjSGnRsjvPKQ17KqRYQ4Msvjmqg12k,aumuHzMdUFiFCvJ7kk1djU4CViSzxJk3FjXTXgvdNZn,3wNtjobrS94N9TL8fKw4LcCLmaRp4iFDAUVykNx7vm1jk9niBdBwcLtB3Emiwy6pyLTzJCksSpECdTWE1Mpegpu
38JBB9DV64DwUgdogSPQ4A36UmgWG5AwhAaJL5QFgfRc,7HS72g9beKY2o1dDSKSkxNk6eM7ZcgCtztCZtMsYLjN2,Aurorian #8478,Aurorian #8478,trace,BPyjzVTjZJ6HvvzbNGbcyctnbyDWgyHTJvuiiSMCuz3x,BPyjzVTjZJ6HvvzbNGbcyctnbyDWgyHTJvuiiSMCuz3x,46QpL9X6hUwCnZu1B5u2QGLTDT5v43vkA3d9jfWndM4Hs3WbMacYQVBr73cAz1UGX9D9pijhX5ycJPjLaTPvaXML
8TmWPeeEw4mYnf2tHKVbKedqiaamPnVM7XiyfrtkQRaV,3ywyS62KR8TjUE74T7PjgUkMGa8jUTjTbiF9rm2wU1Yq,Aurorian #1011,Aurorian #1011,trace,CCsL8y4VtbTHwWNDMGRVUb7SnVbvrWYxs2mpRyNMh7XY,EBQ1krhruYwgaeS6C3yvE5VMGPwZaLYaXfJJBxyqLMbp,3nCT1YhksJ2JRdZN1VkBLZzgGVqDxKyp7EM7KHq182vwSviuK9MNn99o4jfd8JmkMRy1sTyrMckCk3AussV2A1aM
EfJyHkzsF8dENyjUwQL4z2TfQpMETafUoVbEuMZTcfFV,2wkLkFBsm5xrJEAza8PUFcrpKXiv2SgRZWaXCZ91QjJj,Aurorian #7993,Aurorian #7993,trace,FSEchJ7Qjmztczrxmew2XT7A5qEZqVr7GW5AEuAVH4rx,3Q6tfp9reCuMaRTzyfptBtoDZRyN2EPcN5iwcHNcDETW,LEozKt3JUt5YGZrzv44S88jhhXkSB48CAzcRWjmMZfTw5DEhuxRAkk2p94qfjU9ErRd9fm5YEPYb7zMJW3MfL68
3b6nvhvXL1Wunz7U1ud9t2HwG8V1u839oRVBUJDZwFXz,9yeXR2BoR4bAxiHfW4kKwYoe93Ka6dUNxo3d7Hwkne9v,Aurorian #2341,Aurorian #2341,trace,A3cZws9dKxN83PTktu4vmKtiK9HjtTpXtsRr1qJ7bYxi,FY9NAS62iqRVkjSwzbWkSLammaLLa7WMduHkKd7oc6Te,2A8r8QCYpqCDQkZwENSN3coCjnUXmDFHZjg9ENrFfC9FLytaZTxvGrZNJSe36Hhcq2JhbQjufALD8HKrLR2aLtfL
6k6ph5Fu5J5KihsZGihPgvRR2kDXG4wekSMtKoMhyjBc,JCXooxU444Qmwxsj1TYP7jGEdTCXBNtpUnfRQAKMFDTE,Aurorian #9004,Aurorian #9004,trace,5wMWE1wUg2MUrtLAgrqJFNBpUkLFQkbsBy6y22X7jfMw,eChU1NZZRNn6xiNYHx6as2Cc4ZNczJSr93YWesDz6CV,5SE6gsR1Ba8QFvbmJFL4NZDrTiCx8becu3fPsFvd9W474Nv6TCDyPDWTwMqKu4TZfW6yiSDbgEL9WkWUQysqufDR
8HAHcTmnjjuYFe6xqyx9p6PmuftNUpNv9KNzUGpGJFK5,7e62Xpj65y6Y2nD4BBdPiKwvuSZDLduj5QYATUFo4py9,Aurorian #2144,Aurorian #2144,trace,H9bTVueSas74np9r9uPQJeJrgQLqxZb1BWZt48xnc5ku,7wdcV2MX6yaCYYPaiaSG6PzRT2L7RMSdpT9uzRUzm91K,4vx9JJrxqXbe2SU43cddqj1b8LqpWdGVnEFnJ8AL5ug3ht2HRMWVHgFizku4K1hCpy6EHR2RRi9DGUigXhAuiQ3A
JD6qSntvWJHE5QrknoMhyuHKXccsi2fNTXgXi2MdFqXY,F5nsBK61AY13KT8gNKUn9wHTkS3KaW56RHQZVRQS9XFs,Aurorian #6766,Aurorian #6766,trace,aury7LJUae7a92PBo35vVbP61GX8VbyxFKausvUtBrt,CguUjUZXNJJptxN2x4TMoHnx3cSFmBJH8b7zBDE1n9RU,52BrSjM2DtzGDC2MJbjP1Je5G84QzqsrZ7qNt2wuLL1deaSFXDsY36rhPPcKVyY4KCWL5gMdQT6ZyWQ6E1L9fuTC
3Gz6f5ZgfGCYpyWfdxj8ePNXjDBqmox8DWr4FMGDHxGa,7MVAnt9Hp4oZdLEkCGGtGx9znJfArLKKDhuV39ob9mY8,Aurorian #9406,Aurorian #9406,trace,aury7LJUae7a92PBo35vVbP61GX8VbyxFKausvUtBrt,5k15YfLg5TmTeVUAuxpQgK4r3Dzuu9ce6RwmKUdtDXYH,4WMhyeZiygh2a9azf6CXZwf9kGQueDNRoW2WNp37oiTbqgY7QXjv1qktARU5xcL2zq6N2F7RowCFLEzU2ZXNYD9S
HDtfMRCe14K1VT6wqBx5FM7iMNeQuT5h4Na8FkC2adxk,A1rz4zBfadJSUresfsNPkpRiRQHdVAPnGvgS4iFzNenS,Aurorian #5862,Aurorian #5862,trace,6uzLG5r45RDY3D4VvyzUhFCKtZu13MMda1f95iFyTq9B,EqvDrbwNmuB8fvdb5y1AnNaxZs7NRWGGBVhesfgEsssk,51UiZotNJWHSRa19J2RT8UjDURLcwkydGvmo8e33qcrTEWaV2rKiSePKRVPP2Np1R96hB1HofVnKcfwnoj2b7tH6
3qRDxDBYwfmhsQnmytZChzWndPu9zxewmJP2MSDLZGuG,9De5Jx1rvTZfhF3YxMWys4hRAqmbTLXWtCVhX1SGAK9h,Aurorian #6130,Aurorian #6130,trace,ASGSU7Eeyz5wprVfqbKXQ5xB2sCqrCPUFFzmHggbX8Dm,CsKFoW9fNJcueYufg8cPEH59nzM1QH5FwPXUvLwS7GMD,5vxtL3FZEuSPxLu5T4hBitwrUknnRQLcdAusfmUAasFRGCvZDjECdCZ4pmHkWVjbkpyPebaMgzcLFNHmi9KZhPug
3aBR2USfBCoseg7r8knGntLrudabU3RC13dVsz2F7UaP,5A6vQjeUn6u5Dm2rsSWf41199JJzfBrKtycUPBx7V4J,Aurorian #4757,Aurorian #4757,trace,auryHMdwKGnjU4ZBjtacvARm8DcAVgEzYDzzJvVFfE8,auryHMdwKGnjU4ZBjtacvARm8DcAVgEzYDzzJvVFfE8,H7uyGXAZxwVCQwRnw7zGdG2hMYYfpRjMmHeF8hx52171Dg4bYrmiq3b7r7Sp2FoLDBG25BkUD24G4razEVExmd3
5Yec8zW5TYj86Az9tysP8hBiJd82xR4TL5mMmMk9Q4Yp,Gp2r9XF5hM94bSdHpccP9rHj9NCnqKv8QrJMVr6GGPzA,Aurorian #3991,Aurorian #3991,trace,ASGSU7Eeyz5wprVfqbKXQ5xB2sCqrCPUFFzmHggbX8Dm,5sWsediccJMsGTayzXtKWKkAaYLN17KBa78otHRrFV2x,3vtyxPgETViZx3o6JAoJLhrqJzMtomakxi4YrU35jH7FzXAMoZeVR6Bg6SX2FozhP1ATngFjUYaG8WiBEhwr5tXS
HRNd1DPQssGpLSFj9emqBv9CUL8ANokBntSykKNmEjGd,9PRx2yAjREDbXR7YVUuuZj9kcofwEotMJfTTt5gtHYFk,Aurorian #5435,Aurorian #5435,trace,aury7LJUae7a92PBo35vVbP61GX8VbyxFKausvUtBrt,aury7LJUae7a92PBo35vVbP61GX8VbyxFKausvUtBrt,5a9LMmWTsBeFRNXSqsooYkuEYD2miwwVhxEDrG8nP7Ba9G2D69hRa8cti4SwhuSLDRZnEncY2HFPttTvQirkiMWj
94SPfauci93sRYdr8LaRTD5LG37ed2pkigRvZHBLitjT,FfeVhWHLwYe7tbyuZHzEFPyapwJbkAbn1ewuj8eQDnnJ,Aurorian #2691,Aurorian #2691,trace,3Woo76j7qzNTVh3fZS4XHRv6dyJMcrtctnVLMrG3fkrF,4qxpyTsoAzHUyaFMZBGtkMaiMKdZ6KNjaFRAusDnXuze,4wqtWjxXueuAPTALbH1nvmipPAraBXN6QMiQccurErge2HrZCtd6ioVazTnJdqmdGuo1B3BivmKY6jkQRZi8NC1Z
85fXmPtKBQ9tNcXs1j1vaahFuRZzDLbjN428d8X96rW1,CCeuwivDkjeEbCK4gvg2x1rDithRJpXwahaefqUWHAgh,Aurorian #5721,Aurorian #5721,trace,2i2xwD9y5BcwPmTVvRSSFuxGihB1MnFEvRmUAP56BvWB,2i2xwD9y5BcwPmTVvRSSFuxGihB1MnFEvRmUAP56BvWB,5pxB2eafHeQ5wgu3Xp5XPCm17e7osaHF9Y43hnajz1BfP4BGt22FgWzxjEhDg6YYbE2U1vdGhSaDMhKfRDtU1B5Z
EtbQBoexQid2Cp73BxTQ6Gj76aVwY6fdpaYsuTfq9CXQ,D3rgbCsdqFkK4AaXDU5ZiPtCvM8keaFYhkfEfVQVn85N,Aurorian #3954,Aurorian #3954,trace,FPNMQhpGtXRdh4LcMBQs35KZsGpwQYJDRicPgD63gUj,GF9NT92MtEdmJwoiL5aDURhFEcu892roxyAfSnzNoE4F,39Jn2mWGQox1FmDgjViUkh5VXE2sCu4pqEcEf1UieizmtYKT6EgiFZj7YKdWYdTmNxitnNw7jSXpY8xqmPAn8sgf
BBhjGVUcK2BzNrSrPmeH3fVMNmttKZbr5eck33A7GvWd,3vfZCzgDJQz4NQWCvJuH1NGNjawQB2Px1qZFbsLWRsgr,Aurorian #2072,Aurorian #2072,trace,Gre8QtpsUZGGknnoZLKZk52kUWNF38eiVpNYUPgskxwV,E6MafktJ79ksKBG3uJDReR3pWNq3rLJTPQ3VpVs9UoTU,3jJMV6Ue9a714YWvNQd5ZARMCdtZL73QYRyPHsKSdQUBZBqT8coQ2osvqVmXRWKoaj2U5ieED7Ak8UJmEUuZyEtk
Ey3K3B5LGmuqWDMwgpTBpehnv5coFSJKW1UEidZEVqTo,CpPypFALSzbBPc7bdgx5xh5rKnbB8DMZwziHF6t1tqU3,Aurorian #9223,Aurorian #9223,failed-migration-tx,paurUkH96miLCY531mvt3Kmna7W9aD7x2zUijRHhEcG,qa9ZHBMtDVxgQWE3mNBjH8Pf4CeGAa33s5ZRotbympe,5ShTR69KGrafXP8FArBBEt54zcm6UTdFP7CjE2SSTbathrckyLwoPzvXYUCC8bY8NVrUQJ9j5iNSK7BeNnhYro1x
ETLBRyCBazcMAg3ZuL8ysrwWiv1yVv9MVdJYLgKAdGF6,Gd399XRxUCh1YHRUv9ho9QZG2D291K4iK3CYBj75i4cZ,Aurorian #1294,Aurorian #1294,trace,FbfXAR6Tn5rYvrceDtTUkFuWUkWAMzqon1g92Cc6U4iM,S1q3Z6w4i3UDGZn2ZEK2h7zVKHtSU2sLqDPqc58jA8p,4H9364aRpax5taPzzGFhzyEikjAtoqho6rywTYpHRL6QGpaYfuj7dearbqeiCbBF5TwKseG8bVDk1teG125nhfyt
78YxAwxtAu5sJERhWAgQSmpC9FowU8X6BHn6j9WGMXuw,4LN1i1G72WYvJhaGTjGo3ihJ7QrakA6HhwKwhWEbFeZX,Aurorian #3377,Aurorian #3377,trace,FJzbU79xdYJvphqAN1aLBQuNEoHJNGkwFMUXQRU3QhFN,8wPVYS9DmbfubK4ypEooUZAZidUC2VyMfttukzYdUvsQ,5juCTSSMoVeYeQJnt4qpzHPNP5V3R4qsaocfvTmfV12wLD24thwgv3F91hXD9yfopT3UZVEiAyWpFQt76WTa85wK
8nwqwCgypBQLnbU1GtJfkPxsLq2rkyrsj7gbAdbW6xkU,pb8xXVSgBkrDzT8qbLsMe5mDt9K1V3bzh1A53hdpqDt,Aurorian #6064,Aurorian #6064,trace,89Yo2uV4zXTBUg1DCoTyxvuszKyHUTVRwn9RdWsDwRFt,qa9ZHBMtDVxgQWE3mNBjH8Pf4CeGAa33s5ZRotbympe,3Emx7acRucCynsGs5yPMPeECKffcW78nuqEGZGk1HaEfesww6Roey67UjpzwgrNThm2reB67w2Z6mzZk5cVBjc3s
5GbkfwvxdxBsoRERoRtYCYxocm7AKcngWF9XGTi9ZtCu,JChW1Edcwc3G26or6KMrcFvxyEh3CRSzooBhKTH3f8if,Aurorian #3840,Aurorian #3840,trace,aury7LJUae7a92PBo35vVbP61GX8VbyxFKausvUtBrt,E6MafktJ79ksKBG3uJDReR3pWNq3rLJTPQ3VpVs9UoTU,onsvaWcX9KLAFHQTEL1AKW8Quv87o9pQWMefJLZv8pQG1NgUGQwQBRkSmTDyxzWTUuhQcvWnhzEczE2yZTMPc1g
Hk2kSVmi2J1pwMvLRtti7pYJ8hnjq3ZzVRdhPZaurbXr,5YuiefZyxa6QtUtxnY5WdyncXucp5HqBApNnSHaj9LGZ,Aurorian #1687,Aurorian #1687,trace,aury7LJUae7a92PBo35vVbP61GX8VbyxFKausvUtBrt,9ZbjGVwvADQ8roWVYXywvut9Thmv5GwtZV2oCtiNuLqS,4SwFtRfH2MkUysRxdrQXLmotdRg7Vk8yYqrCRXuuv85YnyLYtfBgvfqDMKFGnivbc8MghvdraJPw9S9BxTX88YLU
HpakmM72khJ3bwKmDDR2fZKZCou8xAfJRWNUbvPW3N2P,GuxCqEoZmJp8DULXBnaiaURHzDS42LChnZ1VUaZw4c1S,Aurorian #3274,Aurorian #3274,trace,paurUkH96miLCY531mvt3Kmna7W9aD7x2zUijRHhEcG,3hcgRwBE1gWGNsTGQXMvmM8Dip7wHh9MGZMu75ARGhPN,3cAsZW3FHUohTHjeQNwJz7iefu8DiYP6GgiYgCuGZWruH1DV6CLUCFtzijmcNzf9PS2Dc5d7PcuU44stf59syUL8
3185w4dpHntjcjcpUkmRcJ9x8MC4vPcCpzqtj566PoYt,9geCszRQFjJcPuZZ9mTbrRGrsu6JEXVQM2ALrbXY5Sc5,Aurorian #5429,Aurorian #5429,trace,DfSEkjeMh3DA78RiQF175xawVP8DRNDw9B82By18A3wZ,DfSEkjeMh3DA78RiQF175xawVP8DRNDw9B82By18A3wZ,4TgFWcVW3MjP4CXKNL9cA9wEAan5DeJ2ooSsAhohx2qKCnK7xHTx4bmD62dTgGf3HCTmuppBk2kPqmpfMhHCa7LJ
K1xa3oSPiQBrPCALQUC9isYiTTGEvTqZTxQJnLCN3FB,2NdhYq8wLAbscwHz3mECQAH7gS8TK5mJXGf2pE6TtxVH,Aurorian #2571,Aurorian #2571,trace,aury7LJUae7a92PBo35vVbP61GX8VbyxFKausvUtBrt,aury7LJUae7a92PBo35vVbP61GX8VbyxFKausvUtBrt,3mDK9SaeWM2kzfhkc8So5yBXDbGopWSi3PKBT7G9xbDHFiSsbs3z7vZGRtRwQvdCmtE4iodjZgSksLaamubrbGB4
7bTLHs6zEWBMiVgenVSWRP7qPJJqy1MvYHnAVEivEjz3,FruPjsvQbLmH3dYeEx34sh8ke7MJxyTfwPAjCyS3rr2B,Aurorian #5252,Aurorian #5252,trace,aury7LJUae7a92PBo35vVbP61GX8VbyxFKausvUtBrt,aury7LJUae7a92PBo35vVbP61GX8VbyxFKausvUtBrt,2ARhZNmodQhio41HjixY8sLBnpkyacXakkks1Jz4mFB9mPKV62UaxZSf3fgVf5r3isxr3hxn4jDMug77KfMmXb4g
EurKRk7dLZGw5AjFvWypSprNvMPygj4LKDpq4TtsXpuf,AquYm3Vnj5YmRs9tzPzPkSw7HVqE3KyTQYd6REA23y1M,Aurorian #278,Aurorian #9144,trace,CsKFoW9fNJcueYufg8cPEH59nzM1QH5FwPXUvLwS7GMD,CsKFoW9fNJcueYufg8cPEH59nzM1QH5FwPXUvLwS7GMD,YaTXRFTJbnSu2sxvuKmXnTZSCMf5GUD95Z7EvgJ7ipJbS1bRZykXd9ccvWPzQ47Q5MDmMo2UFAKBWwpfanGaYrM
8sKcNkfRVL3qSGorMDpUBevXBgJDBGbGNkoqt5kSYeQ1,B5SKrxQ6VJ95ydeSVMxWcFFkAFYkbvR5viFkjKnz2GeU,Aurorian #3134,Aurorian #3134,trace,aury7LJUae7a92PBo35vVbP61GX8VbyxFKausvUtBrt,CsKFoW9fNJcueYufg8cPEH59nzM1QH5FwPXUvLwS7GMD,54un8sQc8YwrhsJEshA9wahb2tncWF8fKvp75XQMTWziVnPYKo1kDcjXLyqBVw7ufqmA1mTbtMy8SEgFbLsgoiah
9DeopqLfpUKvKSbJtDAJULXYUQSoJdsMyhZkhSvEXZ1Z,2sRdYUf1QgBtaukhjmBdgAPtfxHmxdpnrw19KnZNYJse,Aurorian #5351,Aurorian #5351,trace,HsbkVxh8p5sh4NA9jVhsuhguDZWj6ygPLbKCoSBHnNpm,HsbkVxh8p5sh4NA9jVhsuhguDZWj6ygPLbKCoSBHnNpm,5CcvBqfe4KPKeNJ3ZUwz99ZgyafZprdQWuhBn32koyLhdzyJc2hcKZ4orde1oMHdUoBRto6esCFfqiBUiVJ1hFHJ
Dsdb1GoQdScWUofhrcJyH9MrcaecvaqTcTSCS2mTGVXq,CXsDZU4p7Fj8DdTZgoZqi463tXsvFxMXDFceUQPfYX7U,Aurorian #8198,Aurorian #8198,trace,Hnvv6w2rMNiqxWEytwY3KVbqH62qB1Tp1wGnif5UurhA,Hnvv6w2rMNiqxWEytwY3KVbqH62qB1Tp1wGnif5UurhA,2xPS7B7EYjSatXNed7gdqWSdJudK7vFE4hbVp5t3tnigi4BG2mrPVg6MyWYBnx49j9fVo1Qf4pB52M4FmxsESqoZ
68wHNxfTHbmcGNd1rCYXxz1Wy4fLvYL65rtXzF4oFAL8,9rrKEHAHiwNdG696JgoU71wWPrVnCdartQ9kkjvNGBQx,Aurorian #4569,Aurorian #4569,trace,aury7LJUae7a92PBo35vVbP61GX8VbyxFKausvUtBrt,DHNHnQowiCFmX8MeL9kzuqPM4MLjSDnhCRRaFtVx6wfV,3rHCddjuSnCj8Q9sWYUMTn6vJF292gQ5ZHtgbEHJ3XgY9xRezb54CvXMxtoTbBHjtPhKQ9iTHwwuXcyD7xqgvyxv
9Nh9bY26YhhsnANxa2WNmWee6nCXoaagx7ER1K35TaCW,3TKkuE7vgBizBpNsdbWCnrVxALGsQwTUicq87TzqdfRv,Aurorian #3482,Aurorian #3482,trace,F7tXjs9H7bC1kpMFx9Lr6GiQkwWpWtZ7TKiQnYNyxHhm,3ULK2FbfgDJ8jFwvhpHCaBSBzCXxY3qdo4bRUQVkuVB4,KNJnPJHg3HtkD97urXstXsRcC69V3aDyaCR5Zu1Ae7KbhruhafZfKsLB6prtcb3cVNRff8DrcY3JKU6JBNkE2EX
X45Z7raSoBbCJsBemNbhnYqiBxVKtvposohgZ7ctB4X,J2kSagd7sfx6KVJByw2p3y1F1kaRLdDsbKo2jVRNGN7t,Aurorian #853,Aurorian #853,trace,3mESjFdPsfn7p4eHWEFPbxupg4uPbrTqwnBo5cHcFU63,9ZbjGVwvADQ8roWVYXywvut9Thmv5GwtZV2oCtiNuLqS,4yuqYA7dZ8Svc2fXzxJ5UXbwW8RvpxAuXim66NUCRqo7AaAjWgwz47LzX3Cqf1h6WtiDHT8xyAHahBvRJghugkns
ARcYsVqJLcY4csqwiGFXkL5k2vsYEK7o8t2ZrUmTLz7i,BtQVjLnkpTjFZ8ybNQoMXx4fvsY5hAGKaUEhdpTMYVik,Aurorian #2616,Aurorian #2616,trace,H8ierpEfSChieqGb8VDUGpPYDChevj2TJRsrUpuMvR8h,D5NVo4BcTXhs5cTmvUruNsiKcd698c12iphy5MpSGFv9,3t9bDEciney6q7DC674D7ztXfrqwkT1P5qiUATJaSLYcfFCN1bugBVonMcGAPSLfjJsAddrst4THMq8kPyreoDn4
8JgysHD9cJdPmn74QrLKXw3K8q2e1mN1SU48MQTDfWtq,7VwzkxMFZQTTes3MeaK3hVQpn2n45o4dCgmZ4uePEwpD,Aurorian #6584,Aurorian #6584,trace,4KkJAWHRLxZMqmnmDLrZY65yA9LBw9GEC9BP5CUovei9,CiS1udKWfC9tQqMLE2pDCryHMUyoCaL7PNWY3hm5o49x,43uGrQ4xEhj41LvmpiSJLyCCUFZ9uFWbNFWg8GYBr1tpGYYzDJvo1HVfZgD69CAswzNSL8xcj5dXM36QrN79F1uK
F3LLoWhz79qhBTKWTHL2rWb3Mz6wCZVtKUKJr6pVi1Ey,CtiyGFt15n5rXamP8ZPysufWR2Ln4f9gEbnNvZnoiZYh,Aurorian #6713,Aurorian #6713,failed-migration-tx,paurUkH96miLCY531mvt3Kmna7W9aD7x2zUijRHhEcG,5k15YfLg5TmTeVUAuxpQgK4r3Dzuu9ce6RwmKUdtDXYH,5Bofo8a1NNwnq7nMkhBuG9DotFhBYWQ4fdov4Xrek5793SZcV5qqQd8dURTBqXaZNDiqid5MxuksSGjwqbucVAKS
Gv8xXetgs6mZ442h5aCiUf5GC8VdcwUpoJj46rHA4bRs,4cdvbsimwyKxECFdaTcWMk4QCviVfyd4RJuJVJT5GcL5,Aurorian #4996,Aurorian #4996,trace,GdsgZoxUnD2F84rdsDMpx9n8nDJT9R2EWHb64jLc3QNL,8mdWvYHTwRdFL1af5RzzoFmp7Z3tXqRXFZrSY5GJXC3Z,4hmgmJfPtWPGgufZYR2hb1Rnw793HvWL4AWeh2HTDjUvYx2GwXHQnSmJiyLatvUbEYpUiP6yJAXBGig9RLGfnmna
5CsvtwfXt97RBrEJFXP5eyjpHtvqTuk1A8ezrfy5x4fR,4R8eHzsUPWfCMGap6Aoud5fQv6Znn3j2nSKPuZH8smv9,Aurorian #7889,Aurorian #7889,trace,aury7LJUae7a92PBo35vVbP61GX8VbyxFKausvUtBrt,1BWutmTvYPwDtmw9abTkS4Ssr8no61spGAvW1X6NDix,5XH6NvFNxyDVBvRQDcufcTShXoXRrp36AwU6duewuTa2turaYSYfH2SSTE7rdUShp2iA7jChzDPsywQy77c2W9z1
HSMYQoWpvyEjQMPp43dt34H9sA3wDRh4EYLcn18xEN35,Gvcx5HaaBnztZBMF45CEmebtHaAhN8GnDcyFavEVUbZ2,Aurorian #7126,Aurorian #7126,trace,C7kJqPLcY4UNqRg9kr1aHPFEM5sLDDSGdRFq55fvnxot,CnTkAQdqLV6CYBfxEgzmsuXoCZiTfHR6x4SM7DeN2HcT,4B45Hps9WtFjJhoCemhY3nkc4WurF9iWUZ9Rfpnn8dK9DoskoosqEkNM48pnkcghqmfeCKg7SAkMesufkq3v8mMZ
FAnVHiks5PRPLqSrPXXV4yzsULs4v3eygCdfop8wWMwL,Gd5BBTV9AwX4GFEj5kKPAPmkQ36CD7Q5tCQkvHW4wp7c,Aurorian #7374,Aurorian #7374,trace,Ba9WfmSCASFg3b35ZkioG9FrhBqzZ2JQhWcArtDhMdNT,Ba9WfmSCASFg3b35ZkioG9FrhBqzZ2JQhWcArtDhMdNT,5mRbhhbFQ37GJn68U87hUSSSXtbjpp8UCyFWZVLZz1P2aCqds1kY4738Z2jcPnb98Boq1Diy8hR5xVmS9D9JjFR4
3Ao3ZLGArEWGM3eRKaJdKFndT8eG292xAATrq1KhvJsi,BsKKAp8Sunr57zU4V6LPmVjZZozJCdRG6oADdatxq25e,Aurorian #8170,Aurorian #8170,number,58WgRzeYwwpwdpgohUzLoQjTQsaEVWqGDXwita1WmcuC,qa9ZHBMtDVxgQWE3mNBjH8Pf4CeGAa33s5ZRotbympe,
GrWwES1jmNTN9HUsxfj4a3ozMTL46BL6Dd8z3ncr2kGG,BHe1QfNhJdM8vtzizRHWhGMP37Qp2wykF3SMWu9LUJS5,Aurorian #6656,Aurorian #6656,trace,auryHMdwKGnjU4ZBjtacvARm8DcAVgEzYDzzJvVFfE8,auryHMdwKGnjU4ZBjtacvARm8DcAVgEzYDzzJvVFfE8,26kz4Ajqe2Lzsgpzww9VP9LNySdXLPumpFVpVDdFFWBx3XEw7YsjuNXCRcEpvrdwgRrXLGGwArQcbyADU8NAxwgQ
5ZwFJJU3x1ARS1CRVbej7xSzeJLk5pUBSsUKMdQ56DhP,58niWjoR7i2SwGmAuJHuBm6TwrCMET29tJqyHcQhsk4h,Aurorian #5367,Aurorian #5367,trace,8uZoFc1JZNu1pkAz4MysUNxk7zc3w5v7UcWVh6Y8vYuv,8uZoFc1JZNu1pkAz4MysUNxk7zc3w5v7UcWVh6Y8vYuv,519NKNZ95oJRajqHGeQA41DJYoXjqk58eGWBRrgoVymFFZ22MDMpsxoot1CwfR36nL4jXnZ5U2zzHdHqYNQLsy9r
DtabiYw68BMA781q1sNQU2zZbaMixn9NxwKiBQkhZeGw,DeCoidy6DMY6ZnLJWRw6mpUwb41Lnjt7n2zPdpFwM3aV,Aurorian #6387,Aurorian #6387,trace,9ZtFPMqY8eD8Fq3o1L5qey8jQwmGtoV5zZHjeyTLXDY,9ZtFPMqY8eD8Fq3o1L5qey8jQwmGtoV5zZHjeyTLXDY,22LkqNDwmuz59CGzaqQ24sNnZVcJnZzkAaQWhjMWvSwjJz2MjA2KKGMwfuocr5ZE6JBq9wB8bVPRMhSBRUe2mrQT
DB1jbuwXPnP8WxyZ9BDaoK3QWMxwtDbhGLkfRTEx8E5,FgvmQL6bE36G2ruXoau5akfeNxZfTp9BntzMbe6wk6jJ,Aurorian #6535,Aurorian #6535,trace,aury7LJUae7a92PBo35vVbP61GX8VbyxFKausvUtBrt,aury7LJUae7a92PBo35vVbP61GX8VbyxFKausvUtBrt,Cpwn3bWJJcdKDecjALjtETD49VsK3XoFj7kiUSJG5dbw6y3ZgbpvK8Ch8Mt8AtBuTyaCTRDEJbcoXRd7UtVQVcr
766dDNWBhimQnv7BqSEsTcKneYd3scih7nurvuwMZnkC,3yVguBQT7Y6GZ5Xjz665Sx4ZwPkA6XBAQSr3bpKYYVrt,Aurorian #440,Aurorian #440,trace,H5aycBMkQ7p9cPZeyBa3DcGCmtdULz3RyVy8mABaijyQ,HBvKBYH8pT9HgvhEV4V7nASvAECaQUpKiaUiumKrJnF2,3ns8qW61rzsKrctpKqD79aWdd8B1uNj7FGiPBeiMqy2A9F8hcHpbYK7FbXGetRqVPo1A5X9agAokQa6Ut5oUhwYv
